DialogueID_Train,Dev,Test
0,0,0
0,0,0
0,1,0
0,1,1
0,1,1
0,1,1
0,1,1
0,1,1
0,1,1
0,1,1
0,1,1
0,1,2
0,1,2
0,1,2
1,1,2
1,1,2
1,1,2
1,1,2
1,2,2
1,2,2
1,2,2
2,2,2
2,2,3
2,2,3
2,3,3
2,3,3
2,3,3
2,4,3
2,4,3
2,4,4
2,4,4
2,4,4
2,4,4
2,4,4
3,4,4
3,4,4
3,4,4
3,4,4
3,4,5
3,4,5
3,4,5
3,4,5
3,5,5
4,5,5
4,5,5
4,5,5
4,5,5
4,5,6
4,5,6
4,5,6
4,5,7
4,5,7
4,5,7
4,5,7
4,5,7
4,6,7
4,6,7
4,6,7
5,6,7
5,6,8
5,6,8
5,6,8
6,6,8
6,6,8
6,6,8
6,7,8
6,7,9
6,7,9
6,7,9
6,7,9
6,7,9
6,7,9
6,7,9
6,7,9
6,7,9
6,7,9
6,8,9
6,8,9
6,8,9
6,8,9
6,8,9
6,8,9
6,8,9
6,8,9
7,8,10
7,8,10
8,8,10
8,8,10
8,8,11
8,8,11
8,8,11
8,9,11
8,9,11
9,9,12
9,9,12
9,9,12
9,9,12
9,9,12
9,9,12
9,10,12
9,10,12
9,10,12
9,10,12
9,10,12
9,10,12
9,10,12
9,10,12
10,10,12
10,10,12
10,11,12
10,11,12
10,11,12
10,11,12
11,11,13
11,11,13
11,11,13
11,11,13
11,11,13
11,11,13
11,11,13
11,11,13
11,11,14
11,12,14
12,12,14
12,12,14
12,12,14
12,12,14
12,13,14
12,13,14
12,13,14
12,13,14
12,13,14
12,13,15
12,13,15
12,13,15
13,13,15
13,13,15
13,13,15
13,13,16
14,13,16
14,13,16
14,13,16
14,13,16
14,13,16
14,13,16
15,13,16
15,13,16
15,13,16
15,13,17
15,14,17
15,14,17
15,14,17
15,14,17
15,14,17
15,14,17
15,14,17
15,14,17
15,14,17
15,15,17
15,15,17
15,15,17
15,15,17
15,15,17
15,15,17
15,15,17
15,15,17
15,15,17
15,15,17
16,16,17
16,16,17
16,16,17
16,16,17
16,16,17
16,16,17
17,16,17
17,16,17
17,16,17
17,16,17
17,16,17
17,16,17
17,16,17
17,16,18
17,16,18
17,16,18
17,16,19
18,16,20
18,16,20
18,17,20
18,17,20
18,17,20
18,17,20
18,17,20
18,18,20
18,18,21
18,18,21
18,18,21
19,18,21
19,18,21
20,18,21
20,18,21
20,18,22
20,18,22
20,18,22
20,18,22
20,18,22
20,18,22
20,19,22
20,19,22
20,19,22
20,19,22
20,19,22
20,19,22
20,19,22
20,19,22
20,19,22
21,19,22
21,19,22
21,19,22
21,19,22
21,19,22
21,19,22
21,19,22
21,19,23
21,19,23
21,19,23
21,19,24
21,19,24
21,19,24
21,19,24
22,20,25
22,20,25
22,20,25
22,20,25
23,20,25
23,20,25
23,20,25
23,20,25
23,21,25
23,21,25
23,21,25
23,21,25
23,21,25
24,21,25
24,21,25
24,22,25
24,22,25
24,22,26
24,22,27
24,22,27
24,22,28
24,22,28
25,22,28
25,22,28
25,22,28
25,22,28
25,22,28
25,22,28
25,22,28
25,23,28
25,23,28
25,23,28
25,23,28
25,23,28
25,23,28
25,23,28
26,23,28
26,23,29
26,23,29
26,23,29
26,23,29
26,23,29
26,23,29
26,24,29
26,24,29
26,24,29
26,24,29
26,24,29
26,24,29
26,24,29
27,24,30
27,24,30
28,25,30
28,25,30
28,25,30
28,25,30
28,25,31
28,25,32
28,26,32
28,26,32
29,26,32
29,26,32
29,26,32
29,26,32
29,26,32
29,26,32
29,26,32
29,26,32
29,26,32
29,26,32
29,26,33
29,26,33
29,26,33
30,26,33
30,26,33
30,27,33
30,27,33
30,27,33
30,27,33
30,27,33
30,27,33
30,27,34
30,27,34
30,27,34
30,27,34
30,28,34
30,28,34
30,28,34
30,28,34
31,28,34
31,28,34
31,28,34
31,28,34
32,28,34
32,28,34
32,28,34
32,29,34
32,29,34
32,29,34
32,29,34
32,29,35
32,29,35
32,29,35
32,29,35
32,29,35
32,29,36
32,29,36
32,30,37
32,30,37
32,30,37
32,30,37
32,30,37
33,30,37
33,30,37
33,30,37
33,30,38
33,30,38
33,30,38
33,30,38
33,30,38
33,30,39
33,30,39
33,30,39
34,30,39
34,30,39
34,30,39
34,31,39
34,31,39
34,31,39
34,31,39
34,31,39
34,31,39
34,31,40
34,31,40
34,31,41
34,31,41
34,31,41
35,31,41
35,31,41
35,32,41
35,32,41
35,32,41
35,32,41
36,32,41
36,32,41
36,32,41
36,32,41
36,32,42
36,32,42
37,32,42
37,32,42
37,32,42
37,32,42
38,33,42
38,33,42
38,34,42
38,34,43
38,34,43
38,34,43
38,34,43
38,34,43
38,34,43
38,34,43
38,34,44
38,34,44
39,34,44
39,35,44
39,36,45
39,36,45
39,36,45
39,36,45
39,36,45
39,36,45
39,36,45
39,36,45
39,36,45
39,36,46
39,36,46
39,36,46
39,37,46
39,37,46
39,37,46
39,37,46
39,37,46
40,37,46
40,37,47
40,37,47
40,37,47
40,37,47
40,37,47
40,38,47
40,39,47
40,39,47
40,39,47
40,40,47
40,40,47
40,40,47
40,40,47
40,40,47
41,40,48
41,40,48
41,40,48
41,40,48
41,40,48
41,40,48
41,41,48
41,41,49
41,41,49
41,42,49
41,42,49
41,42,49
41,42,49
41,42,49
41,43,49
41,43,49
42,44,49
42,44,49
43,44,49
43,44,49
43,44,49
43,44,49
43,44,49
43,44,49
43,44,50
44,44,50
44,44,50
44,44,50
45,45,51
45,45,51
45,45,51
45,45,52
45,45,52
46,45,52
46,45,52
46,45,52
46,45,52
46,45,52
46,45,52
46,45,52
46,46,52
46,46,52
46,46,52
46,46,53
46,46,53
46,46,53
46,46,53
46,46,53
47,46,53
47,46,53
47,47,53
47,47,53
47,47,53
47,47,53
47,47,53
47,47,53
47,47,54
47,47,54
47,47,54
47,47,54
47,47,54
47,48,54
47,48,54
47,48,54
47,48,54
48,48,54
49,48,54
49,48,54
49,48,55
49,49,55
49,49,55
49,49,56
49,49,56
49,49,56
49,49,56
49,49,56
49,49,56
49,49,56
49,49,56
49,49,56
49,49,56
49,49,56
49,50,56
49,50,57
49,50,57
49,50,57
49,51,57
49,51,57
50,51,57
50,51,58
50,51,58
50,51,58
50,51,58
50,52,58
50,52,58
50,52,58
50,53,58
50,53,58
50,53,58
50,53,58
50,53,58
50,53,58
50,53,58
50,53,58
50,53,58
51,54,58
51,54,59
51,54,59
51,54,59
51,54,60
51,54,60
51,54,60
51,54,60
51,54,60
51,54,60
51,54,60
52,54,61
52,54,61
52,55,61
52,56,62
52,56,62
52,56,63
52,56,63
52,56,64
52,56,64
52,56,64
52,56,64
52,56,64
53,56,64
53,56,64
53,56,64
53,56,64
53,56,64
53,56,64
53,56,64
53,56,64
53,57,64
54,57,64
54,57,64
54,57,64
54,57,65
54,57,65
54,57,65
54,57,65
54,57,65
54,57,65
54,57,65
54,57,65
54,57,65
54,58,65
54,58,65
54,58,66
54,58,66
54,58,66
54,58,66
54,58,66
54,58,67
54,58,67
54,58,67
54,58,67
54,58,68
55,59,68
55,59,68
55,59,68
55,59,68
55,59,68
55,60,68
55,60,68
55,60,68
55,60,68
55,60,68
55,60,68
55,60,68
55,61,68
55,61,68
55,61,69
55,61,69
55,61,69
56,61,69
56,62,69
56,62,69
56,62,70
56,62,70
56,62,70
56,62,70
57,63,70
57,63,70
57,63,70
58,63,70
58,63,70
58,63,70
58,63,70
58,63,70
58,63,70
58,63,70
58,63,70
58,63,70
58,63,70
59,63,70
59,63,70
59,63,70
59,63,70
59,63,70
59,63,70
59,63,71
59,63,71
59,64,71
59,64,71
61,64,71
61,64,71
61,64,71
61,65,71
61,65,71
61,65,71
61,65,71
61,65,71
61,65,71
62,65,71
62,65,72
62,65,72
62,65,72
62,65,72
62,66,72
62,66,72
62,66,72
62,66,72
62,66,72
62,66,72
63,66,72
63,66,72
63,66,72
63,66,72
63,67,72
63,67,72
63,67,72
63,67,73
64,67,73
64,67,73
64,67,73
64,67,73
64,67,73
64,67,73
64,67,73
64,68,73
64,68,73
64,68,73
64,68,74
64,68,74
64,68,74
65,68,74
65,68,74
65,68,75
65,68,75
66,68,75
66,68,75
66,69,75
66,69,75
66,69,76
66,69,76
66,69,76
66,69,76
66,69,76
66,69,76
66,69,76
66,69,76
67,69,76
67,69,76
67,69,76
67,69,76
67,69,76
67,69,76
67,69,76
67,69,76
67,69,76
67,69,76
67,70,76
67,70,77
67,70,77
67,70,77
67,70,77
68,70,77
68,71,78
68,71,78
68,71,78
69,71,78
69,71,78
69,71,78
69,72,78
69,72,78
69,72,78
69,72,78
70,72,79
70,72,79
70,72,80
70,72,80
70,72,80
70,72,80
70,72,80
70,72,80
70,72,80
71,72,80
71,72,80
72,72,80
72,72,81
72,72,81
72,72,82
72,73,83
72,73,83
72,73,83
72,74,83
73,74,83
73,74,83
73,74,83
73,74,83
73,74,83
73,74,83
73,74,83
73,74,84
73,74,84
73,74,84
73,74,85
73,74,85
74,74,85
74,74,85
74,74,85
74,74,85
74,74,86
74,74,86
74,74,86
75,75,86
76,76,86
76,76,86
76,76,86
76,76,86
76,76,87
76,76,87
76,76,88
76,76,88
77,76,88
77,76,88
77,76,88
77,76,88
77,76,88
78,76,88
78,76,88
78,76,88
78,76,88
78,77,88
78,77,88
79,77,88
79,77,89
79,77,89
79,77,89
79,77,90
79,77,90
79,77,90
79,77,90
80,77,90
80,77,90
80,77,91
80,77,92
80,77,92
80,77,92
81,77,92
81,77,92
81,77,92
81,77,93
81,78,93
81,78,93
81,78,93
81,78,93
81,78,93
81,78,93
81,78,93
81,78,93
81,78,93
81,79,93
81,79,93
81,79,93
81,79,94
82,79,94
82,79,94
82,79,95
82,79,95
82,79,95
82,79,95
82,79,95
82,80,95
82,80,95
82,80,95
82,80,95
83,80,95
83,80,95
83,80,95
83,80,95
84,80,95
84,80,95
84,81,95
84,81,95
84,81,95
84,82,95
84,82,95
85,82,96
85,82,96
85,82,96
85,82,96
85,82,96
86,82,96
86,82,96
86,82,96
86,82,96
86,82,96
86,82,96
86,82,96
86,82,96
86,82,96
86,82,96
86,82,96
87,82,96
87,83,96
87,83,96
87,83,96
87,83,96
87,83,97
87,83,97
87,83,97
87,83,97
87,84,97
88,84,97
88,84,97
88,84,97
88,84,97
89,84,97
89,84,97
89,84,97
89,85,98
89,85,98
89,85,98
89,85,98
89,85,98
89,85,98
89,85,98
89,85,98
89,85,98
89,85,98
89,85,98
90,85,98
91,85,99
92,85,99
92,85,99
93,85,99
93,85,99
93,86,99
93,86,99
93,86,99
93,86,99
93,87,99
93,87,100
94,87,100
94,87,100
94,87,100
94,88,100
94,88,100
94,88,100
94,88,100
94,88,100
94,88,100
94,89,100
94,89,100
94,89,100
94,89,100
94,89,100
94,89,100
94,89,100
95,89,100
95,89,100
95,89,100
95,89,101
95,90,101
95,90,101
95,90,101
95,90,102
95,90,102
95,90,102
95,90,102
95,91,102
95,91,102
95,91,102
95,91,102
95,91,102
95,91,102
95,91,103
96,91,103
96,91,103
96,91,103
96,91,103
96,92,103
97,92,104
97,92,104
97,92,104
97,92,105
98,92,105
99,92,105
99,92,106
99,92,106
99,92,106
99,92,106
99,92,107
99,93,107
99,93,107
99,93,107
99,93,107
99,93,107
99,93,107
99,93,107
99,93,107
99,94,107
99,94,107
99,94,107
99,94,107
99,94,108
100,94,108
100,94,108
100,94,108
100,94,108
100,94,108
100,94,108
100,94,108
100,95,109
101,95,109
101,95,109
102,95,109
102,95,109
102,95,109
103,95,109
103,95,109
103,95,110
103,95,110
103,95,110
103,96,110
103,96,110
103,96,110
104,96,110
104,97,110
105,97,110
105,97,111
106,97,111
106,97,111
106,97,111
106,97,111
106,97,111
106,97,111
107,97,111
107,97,111
107,97,111
107,97,111
107,97,111
107,97,111
107,97,111
107,97,111
107,97,112
107,97,112
108,97,112
108,97,112
108,97,112
108,98,112
108,98,112
108,98,112
108,98,112
109,98,112
109,99,112
109,99,112
109,99,112
109,99,112
109,99,112
109,99,112
109,99,112
109,99,112
109,99,112
109,100,112
109,101,112
109,102,112
109,102,113
109,103,113
109,103,113
109,103,113
109,103,113
109,103,113
109,104,113
109,104,113
110,104,113
110,104,113
110,104,113
110,104,113
110,104,113
110,104,113
111,104,113
111,104,113
111,104,113
111,104,114
111,104,114
111,104,114
111,104,114
111,104,114
111,105,114
111,105,115
111,105,115
111,105,115
111,105,115
111,105,115
111,105,115
111,105,116
111,105,116
111,105,116
112,105,116
112,105,116
112,106,116
112,106,116
112,106,116
113,106,116
113,106,116
113,106,116
113,107,116
113,107,117
113,107,117
113,107,117
113,108,117
113,108,117
113,108,117
113,108,117
114,108,117
114,108,117
114,108,118
114,108,118
114,108,118
115,108,118
115,108,118
115,108,118
115,108,118
115,108,118
115,108,118
115,109,118
115,109,118
116,109,118
116,109,119
116,109,119
116,109,119
116,109,119
116,109,119
116,110,119
116,110,119
117,110,120
117,110,120
117,110,120
117,110,120
118,110,120
118,110,120
118,110,120
118,111,120
118,111,120
118,111,120
119,112,120
119,112,120
119,112,120
119,112,120
119,112,120
119,113,120
119,113,120
119,113,120
119,113,120
119,113,121
119,113,121
119,113,121
119,113,121
120,113,121
120,113,121
120,113,122
120,113,122
120,113,122
120,113,122
120,,122
120,,123
120,,123
120,,123
120,,123
120,,123
120,,123
120,,123
121,,123
121,,123
121,,123
121,,123
121,,123
121,,123
121,,123
122,,123
122,,123
122,,124
122,,124
122,,124
122,,124
122,,124
122,,124
122,,124
122,,124
122,,124
122,,124
122,,124
122,,124
122,,124
122,,124
123,,124
123,,125
123,,125
123,,125
123,,125
123,,125
123,,125
123,,125
123,,125
123,,125
123,,125
124,,125
124,,125
124,,125
124,,125
124,,125
124,,125
124,,125
124,,125
124,,125
124,,125
124,,125
124,,125
125,,125
125,,126
125,,126
125,,126
125,,126
125,,126
125,,126
125,,126
126,,126
126,,126
126,,126
126,,126
126,,126
126,,126
126,,126
126,,126
126,,126
126,,127
126,,127
126,,127
126,,127
127,,127
127,,127
127,,128
127,,128
127,,128
128,,128
128,,128
128,,128
128,,128
128,,128
128,,128
128,,128
128,,129
128,,129
128,,129
129,,129
129,,129
129,,129
129,,129
129,,129
129,,130
129,,130
129,,130
129,,130
129,,130
129,,130
129,,130
129,,130
129,,130
129,,130
130,,130
130,,130
130,,130
130,,130
130,,130
130,,130
130,,130
130,,130
130,,131
130,,131
130,,131
130,,131
130,,131
130,,131
130,,131
130,,131
130,,131
130,,132
131,,132
131,,132
131,,132
132,,132
132,,132
132,,132
132,,132
132,,132
132,,132
132,,132
132,,132
132,,132
132,,132
132,,132
133,,132
134,,132
135,,132
135,,132
135,,132
135,,133
135,,133
135,,133
135,,133
135,,133
136,,133
136,,133
136,,133
136,,133
136,,133
137,,133
137,,133
137,,133
137,,133
137,,133
137,,133
137,,134
137,,134
138,,134
138,,134
138,,135
138,,135
138,,135
138,,135
138,,135
138,,135
138,,136
138,,137
138,,137
138,,137
138,,137
138,,137
138,,137
138,,137
138,,137
139,,137
139,,137
139,,137
139,,137
139,,137
139,,137
140,,137
140,,138
140,,138
141,,138
141,,138
141,,139
141,,139
141,,139
141,,139
141,,139
141,,139
142,,139
142,,139
143,,139
143,,139
143,,140
143,,140
143,,140
144,,140
144,,140
144,,140
144,,140
144,,140
144,,140
145,,140
145,,140
145,,140
145,,140
145,,140
145,,140
145,,140
145,,140
145,,141
145,,141
145,,141
145,,141
145,,141
145,,142
145,,142
145,,143
145,,143
145,,143
145,,143
146,,143
146,,143
146,,143
146,,143
146,,143
146,,144
146,,144
146,,144
146,,144
146,,144
146,,144
146,,144
146,,144
147,,144
147,,144
147,,144
147,,144
147,,144
147,,144
147,,144
147,,145
147,,145
147,,145
147,,145
147,,145
148,,145
148,,145
148,,145
148,,145
148,,145
148,,145
148,,145
148,,145
148,,146
148,,146
148,,146
148,,146
148,,146
148,,146
148,,146
148,,147
148,,147
148,,147
148,,147
148,,147
148,,147
149,,147
149,,147
149,,147
149,,147
150,,147
150,,148
150,,149
150,,149
151,,149
151,,150
151,,150
151,,150
151,,150
151,,150
151,,150
151,,151
151,,151
151,,151
151,,151
151,,152
151,,152
151,,152
151,,152
152,,152
152,,153
152,,153
152,,153
152,,153
152,,153
152,,153
152,,153
152,,153
152,,153
153,,153
153,,153
153,,153
153,,154
153,,154
153,,154
153,,154
153,,154
153,,154
153,,154
153,,154
153,,154
153,,154
154,,154
154,,154
154,,154
154,,154
154,,154
154,,154
154,,154
154,,154
154,,154
155,,154
155,,154
155,,155
155,,155
155,,155
155,,155
155,,155
155,,155
155,,155
155,,155
155,,155
155,,156
155,,156
156,,156
156,,156
156,,156
156,,156
156,,156
156,,156
156,,156
156,,156
156,,156
156,,156
156,,156
156,,156
157,,156
157,,156
157,,157
158,,157
158,,157
158,,157
158,,157
158,,157
158,,157
158,,157
159,,158
159,,158
159,,158
159,,158
159,,158
159,,158
159,,158
159,,159
159,,159
159,,160
160,,160
160,,160
160,,160
160,,160
160,,160
160,,160
160,,160
160,,160
160,,160
160,,160
160,,160
160,,160
160,,160
160,,161
160,,161
160,,161
160,,161
160,,161
161,,161
161,,161
161,,161
161,,161
161,,161
161,,161
162,,161
162,,162
163,,162
163,,162
163,,162
163,,162
163,,162
163,,163
163,,163
163,,163
163,,163
163,,163
163,,163
164,,163
164,,163
164,,163
164,,163
164,,164
164,,164
164,,164
164,,164
164,,164
164,,164
165,,164
165,,164
165,,164
165,,165
165,,165
165,,165
165,,165
165,,165
165,,166
165,,166
165,,166
165,,166
165,,166
165,,166
165,,166
165,,166
165,,166
165,,166
165,,166
165,,166
166,,166
166,,166
166,,167
167,,167
167,,167
167,,167
167,,167
167,,167
167,,167
167,,167
167,,167
167,,167
167,,167
167,,167
167,,167
167,,167
168,,167
168,,167
168,,167
168,,168
168,,168
168,,168
168,,168
168,,168
168,,168
168,,168
168,,168
168,,168
168,,168
168,,168
168,,168
169,,168
169,,168
169,,168
170,,168
170,,168
170,,168
170,,168
170,,169
170,,169
170,,169
170,,169
170,,169
170,,169
170,,169
170,,169
171,,169
171,,169
171,,169
171,,169
171,,169
171,,169
171,,169
171,,169
172,,169
172,,169
172,,169
172,,169
172,,169
172,,169
172,,169
172,,170
172,,170
173,,170
173,,170
173,,170
173,,171
173,,171
173,,171
173,,171
173,,171
173,,171
173,,171
174,,171
174,,171
174,,172
174,,172
174,,172
174,,173
174,,173
174,,173
175,,173
175,,173
175,,173
175,,173
175,,173
175,,173
175,,173
175,,173
175,,173
175,,173
175,,173
175,,173
176,,173
176,,173
176,,173
176,,173
176,,174
176,,174
176,,174
176,,174
176,,174
176,,174
177,,174
177,,174
177,,174
177,,174
177,,174
177,,174
177,,174
177,,174
177,,174
177,,174
177,,174
178,,174
178,,174
178,,175
179,,175
179,,175
179,,175
179,,175
179,,175
179,,175
179,,175
179,,175
179,,175
179,,175
179,,175
179,,175
179,,175
179,,175
179,,175
179,,175
179,,175
179,,175
179,,175
179,,175
180,,175
180,,175
180,,176
180,,176
180,,177
180,,177
180,,177
180,,178
180,,178
180,,178
180,,178
180,,178
180,,178
181,,178
181,,178
181,,178
181,,178
181,,179
182,,179
182,,179
182,,179
182,,180
182,,180
182,,180
182,,180
182,,180
182,,180
182,,180
182,,180
182,,180
182,,180
182,,181
182,,181
182,,181
183,,181
183,,181
183,,181
183,,182
183,,182
183,,182
183,,182
183,,182
183,,182
183,,182
183,,182
183,,182
183,,182
183,,183
183,,183
183,,183
183,,183
183,,183
183,,183
183,,183
184,,183
184,,183
184,,184
184,,184
184,,184
184,,184
184,,184
184,,184
184,,184
184,,184
184,,184
184,,184
184,,184
184,,184
184,,184
184,,184
184,,184
184,,185
184,,185
184,,185
184,,185
184,,185
185,,185
185,,185
185,,185
185,,186
185,,186
185,,186
185,,186
185,,187
185,,187
185,,187
185,,187
185,,187
185,,187
185,,187
186,,187
186,,187
186,,188
186,,188
186,,188
186,,188
187,,188
187,,188
187,,188
187,,188
187,,188
187,,189
187,,189
187,,189
187,,189
187,,189
188,,189
188,,189
188,,189
188,,189
188,,189
188,,190
189,,190
189,,190
189,,190
189,,190
189,,191
189,,191
189,,191
189,,191
189,,191
189,,191
189,,191
189,,191
189,,191
189,,191
189,,192
190,,192
190,,192
190,,192
190,,192
190,,192
190,,192
190,,192
190,,192
191,,192
191,,192
191,,192
191,,193
191,,193
191,,193
191,,193
192,,193
192,,194
192,,194
192,,194
192,,194
192,,194
192,,195
192,,195
193,,195
193,,195
193,,195
193,,195
193,,195
193,,195
193,,195
193,,195
194,,195
194,,195
195,,196
195,,196
195,,196
195,,196
195,,196
195,,196
195,,196
195,,196
195,,196
195,,196
195,,196
195,,196
195,,196
195,,196
195,,196
195,,196
195,,196
195,,196
195,,197
195,,197
196,,197
196,,197
196,,197
197,,198
197,,198
197,,198
197,,198
197,,198
197,,198
197,,198
197,,198
198,,198
198,,198
198,,198
198,,198
198,,198
198,,199
198,,199
199,,199
199,,199
199,,199
199,,199
199,,199
199,,199
199,,199
199,,199
199,,199
199,,199
199,,199
199,,199
200,,199
200,,199
200,,200
200,,200
200,,200
200,,200
200,,200
200,,201
200,,201
200,,201
201,,201
201,,201
201,,201
201,,201
201,,201
201,,201
201,,201
201,,201
201,,201
201,,202
202,,202
202,,202
202,,202
202,,202
202,,202
202,,202
202,,202
202,,203
202,,203
202,,203
202,,203
202,,203
202,,203
202,,203
202,,203
203,,203
203,,203
203,,203
203,,203
203,,203
203,,204
204,,204
204,,204
204,,204
204,,204
204,,204
204,,204
204,,204
204,,204
204,,204
204,,205
204,,205
204,,205
204,,205
204,,205
205,,205
205,,205
205,,205
205,,206
205,,206
205,,206
205,,206
206,,206
206,,207
206,,207
206,,208
206,,208
206,,208
206,,208
206,,208
206,,208
206,,208
206,,208
206,,208
206,,208
206,,208
206,,208
206,,208
206,,208
206,,209
206,,209
207,,210
207,,210
207,,210
207,,210
207,,210
207,,210
207,,210
207,,210
207,,210
207,,210
207,,211
207,,211
207,,211
207,,211
207,,211
207,,211
207,,211
207,,211
207,,212
207,,212
208,,212
208,,212
208,,212
208,,212
208,,212
208,,213
208,,213
208,,213
208,,213
208,,213
208,,213
208,,213
208,,213
208,,213
208,,213
208,,213
209,,213
210,,214
210,,214
210,,214
210,,214
210,,214
210,,214
210,,214
210,,214
210,,215
210,,215
210,,215
211,,215
211,,215
211,,215
211,,215
211,,215
211,,215
211,,215
211,,215
211,,216
211,,216
211,,216
211,,216
211,,217
211,,217
212,,217
212,,217
212,,217
212,,217
212,,217
212,,217
212,,217
212,,217
212,,217
212,,217
213,,218
213,,218
213,,218
213,,219
213,,219
214,,220
214,,220
214,,221
214,,221
214,,221
214,,221
214,,221
214,,222
214,,222
214,,222
214,,222
215,,222
216,,222
216,,222
216,,222
217,,222
218,,222
218,,222
218,,222
218,,222
218,,222
218,,223
218,,223
218,,223
218,,223
218,,223
218,,223
218,,223
219,,224
219,,224
219,,224
219,,224
219,,224
219,,224
219,,224
219,,224
219,,224
219,,225
219,,225
219,,225
219,,225
220,,225
220,,225
220,,226
220,,226
220,,226
220,,226
220,,226
221,,226
221,,226
221,,226
221,,226
221,,227
221,,227
222,,227
222,,227
222,,228
222,,228
222,,228
222,,228
222,,228
222,,228
222,,228
222,,228
222,,228
222,,228
222,,228
222,,228
222,,228
222,,229
222,,229
222,,229
222,,229
223,,229
223,,229
223,,229
223,,229
223,,229
223,,229
223,,229
223,,230
223,,230
223,,230
223,,230
223,,230
223,,230
223,,230
223,,230
224,,230
224,,231
224,,231
224,,231
224,,231
224,,231
225,,231
225,,231
225,,231
225,,231
225,,231
225,,231
225,,231
225,,231
225,,231
225,,232
225,,232
225,,232
226,,232
226,,232
226,,232
226,,232
226,,232
226,,232
226,,232
226,,233
226,,233
226,,233
226,,233
226,,233
226,,233
226,,233
226,,233
226,,233
226,,233
226,,233
226,,233
227,,233
228,,233
228,,234
228,,234
228,,234
228,,234
228,,234
228,,234
228,,234
229,,234
229,,234
229,,234
229,,234
229,,234
230,,234
230,,234
231,,234
231,,235
231,,236
231,,237
231,,237
231,,237
231,,237
231,,237
231,,237
231,,237
231,,237
231,,237
231,,237
231,,237
231,,237
232,,238
232,,238
232,,238
232,,238
232,,238
232,,239
232,,239
232,,239
232,,239
232,,239
232,,239
232,,239
232,,239
232,,239
232,,239
232,,239
232,,239
232,,240
232,,240
232,,240
233,,240
233,,240
234,,240
234,,240
234,,240
234,,240
234,,240
234,,240
234,,240
234,,240
234,,240
234,,240
235,,240
235,,240
235,,241
235,,241
235,,241
235,,241
235,,241
235,,241
235,,241
235,,241
236,,241
236,,241
236,,241
236,,241
236,,241
236,,241
236,,241
236,,242
236,,242
236,,242
236,,242
236,,242
236,,242
236,,242
236,,242
237,,243
237,,243
237,,243
237,,243
237,,243
237,,243
237,,244
237,,244
237,,244
237,,244
237,,244
237,,244
238,,244
238,,244
238,,244
238,,244
238,,244
238,,244
238,,244
239,,244
239,,244
239,,244
239,,244
239,,244
239,,244
239,,244
240,,244
240,,244
240,,245
240,,245
240,,245
240,,245
240,,245
241,,246
241,,246
241,,246
241,,246
241,,246
241,,246
241,,246
241,,246
241,,246
241,,246
241,,246
241,,246
241,,246
241,,246
242,,247
242,,247
242,,247
242,,247
242,,247
242,,248
242,,249
243,,249
243,,249
244,,249
244,,249
244,,249
244,,249
244,,249
244,,250
245,,250
245,,250
245,,250
245,,250
245,,250
245,,250
245,,250
245,,250
245,,251
245,,251
245,,251
245,,251
245,,251
245,,252
245,,252
245,,252
245,,252
246,,252
246,,252
246,,252
246,,252
246,,252
246,,252
246,,252
247,,252
247,,252
247,,252
248,,252
248,,252
248,,252
248,,252
248,,252
248,,253
248,,253
249,,253
249,,253
249,,253
249,,253
249,,253
249,,253
249,,253
249,,253
249,,253
249,,253
249,,253
249,,254
249,,254
250,,254
250,,254
250,,254
250,,254
250,,254
250,,254
250,,254
251,,254
251,,254
251,,254
251,,254
251,,254
251,,254
251,,254
252,,254
252,,254
252,,255
252,,255
252,,255
252,,255
252,,255
252,,255
252,,255
252,,255
252,,255
252,,256
252,,256
252,,257
252,,257
252,,257
252,,257
252,,257
253,,258
253,,258
253,,258
253,,258
253,,258
253,,258
253,,258
253,,258
253,,258
253,,258
253,,258
253,,258
254,,258
254,,259
254,,259
254,,259
254,,259
254,,259
254,,259
254,,259
254,,259
254,,259
255,,259
255,,259
255,,259
255,,259
255,,259
255,,259
255,,259
255,,260
255,,260
255,,260
255,,260
255,,260
255,,260
255,,260
255,,260
255,,260
256,,260
256,,260
256,,261
256,,261
256,,261
256,,261
256,,261
256,,261
256,,261
256,,261
256,,261
256,,262
256,,262
256,,262
256,,262
256,,262
257,,262
257,,262
257,,262
257,,262
257,,262
257,,262
257,,262
258,,262
258,,262
258,,262
258,,262
258,,262
258,,263
258,,263
259,,263
259,,263
259,,263
259,,263
260,,263
260,,263
260,,263
260,,263
260,,264
260,,264
260,,264
260,,264
260,,265
260,,265
260,,266
260,,266
261,,266
261,,266
261,,266
261,,266
261,,266
261,,266
261,,266
261,,266
261,,266
262,,266
262,,266
262,,266
262,,266
262,,266
263,,266
263,,267
263,,267
263,,267
263,,267
263,,267
263,,267
263,,267
263,,267
264,,267
264,,267
264,,267
264,,268
264,,268
264,,268
264,,268
264,,268
264,,268
264,,268
264,,268
264,,268
264,,268
264,,268
264,,268
264,,268
264,,268
264,,269
264,,269
265,,269
265,,269
265,,269
265,,270
265,,270
266,,270
267,,270
268,,270
268,,270
269,,270
269,,270
270,,270
270,,270
270,,270
270,,270
271,,270
271,,270
271,,270
271,,271
271,,271
271,,271
271,,271
271,,271
271,,271
271,,272
271,,272
272,,272
272,,272
272,,272
272,,272
272,,273
272,,273
272,,273
272,,273
272,,274
273,,274
273,,274
273,,274
273,,274
273,,275
273,,275
273,,275
273,,275
273,,276
273,,277
273,,278
273,,278
273,,278
273,,278
273,,278
273,,278
273,,278
273,,278
273,,278
274,,278
274,,278
274,,278
274,,278
274,,278
274,,278
274,,278
274,,278
274,,279
274,,279
274,,279
274,,279
274,,279
275,,279
275,,279
275,,279
275,,279
275,,279
275,,279
275,,279
275,,279
275,,279
275,,279
275,,279
275,,
275,,
275,,
275,,
275,,
275,,
276,,
276,,
276,,
277,,
277,,
277,,
277,,
277,,
277,,
277,,
278,,
278,,
278,,
278,,
278,,
278,,
278,,
278,,
278,,
279,,
279,,
279,,
279,,
279,,
279,,
279,,
279,,
279,,
279,,
279,,
279,,
279,,
279,,
279,,
279,,
280,,
280,,
280,,
281,,
281,,
281,,
281,,
281,,
281,,
281,,
281,,
281,,
281,,
281,,
282,,
282,,
282,,
283,,
283,,
283,,
283,,
283,,
283,,
283,,
284,,
284,,
284,,
285,,
285,,
285,,
285,,
285,,
285,,
285,,
285,,
285,,
285,,
285,,
285,,
285,,
285,,
285,,
285,,
286,,
286,,
286,,
286,,
287,,
287,,
287,,
287,,
287,,
287,,
287,,
287,,
287,,
287,,
287,,
287,,
287,,
288,,
288,,
288,,
288,,
288,,
288,,
288,,
288,,
288,,
288,,
288,,
288,,
288,,
288,,
288,,
288,,
288,,
288,,
288,,
288,,
288,,
289,,
289,,
289,,
289,,
289,,
290,,
291,,
291,,
292,,
292,,
292,,
292,,
292,,
292,,
293,,
293,,
293,,
293,,
293,,
293,,
293,,
293,,
293,,
293,,
293,,
293,,
293,,
294,,
294,,
295,,
295,,
295,,
295,,
295,,
295,,
295,,
295,,
295,,
295,,
295,,
295,,
295,,
295,,
295,,
295,,
295,,
295,,
295,,
295,,
295,,
295,,
296,,
296,,
296,,
296,,
296,,
296,,
296,,
296,,
296,,
296,,
296,,
296,,
296,,
296,,
296,,
296,,
296,,
296,,
296,,
296,,
296,,
297,,
297,,
297,,
297,,
297,,
297,,
297,,
297,,
297,,
297,,
298,,
298,,
298,,
298,,
298,,
298,,
298,,
299,,
299,,
299,,
299,,
300,,
300,,
300,,
300,,
300,,
300,,
300,,
300,,
300,,
300,,
300,,
300,,
300,,
300,,
300,,
301,,
301,,
301,,
301,,
301,,
301,,
301,,
301,,
301,,
301,,
301,,
301,,
301,,
301,,
301,,
301,,
302,,
302,,
302,,
302,,
302,,
302,,
302,,
302,,
302,,
302,,
302,,
303,,
303,,
304,,
304,,
304,,
304,,
304,,
304,,
304,,
304,,
304,,
304,,
304,,
305,,
305,,
305,,
305,,
305,,
305,,
305,,
305,,
305,,
305,,
305,,
305,,
305,,
305,,
305,,
306,,
306,,
306,,
306,,
306,,
306,,
306,,
306,,
307,,
307,,
307,,
307,,
307,,
307,,
307,,
307,,
307,,
307,,
307,,
307,,
307,,
308,,
308,,
308,,
308,,
308,,
308,,
309,,
309,,
309,,
309,,
309,,
310,,
310,,
310,,
310,,
310,,
310,,
310,,
311,,
311,,
311,,
311,,
311,,
311,,
311,,
311,,
311,,
311,,
311,,
311,,
311,,
312,,
312,,
312,,
312,,
312,,
312,,
312,,
312,,
312,,
312,,
312,,
312,,
312,,
312,,
312,,
312,,
312,,
312,,
312,,
312,,
312,,
312,,
313,,
313,,
313,,
313,,
314,,
314,,
314,,
314,,
314,,
314,,
314,,
314,,
314,,
314,,
314,,
314,,
315,,
315,,
315,,
315,,
315,,
315,,
315,,
315,,
315,,
315,,
316,,
316,,
316,,
316,,
316,,
316,,
316,,
316,,
316,,
317,,
317,,
317,,
317,,
317,,
317,,
317,,
317,,
317,,
317,,
317,,
317,,
317,,
317,,
317,,
317,,
318,,
318,,
318,,
318,,
318,,
319,,
319,,
319,,
319,,
319,,
319,,
319,,
319,,
319,,
319,,
319,,
319,,
319,,
319,,
319,,
319,,
319,,
319,,
319,,
319,,
319,,
319,,
319,,
320,,
320,,
320,,
320,,
320,,
320,,
320,,
320,,
320,,
320,,
320,,
320,,
320,,
320,,
320,,
320,,
320,,
320,,
321,,
321,,
321,,
321,,
321,,
321,,
321,,
321,,
321,,
321,,
321,,
321,,
322,,
322,,
323,,
324,,
324,,
324,,
324,,
324,,
324,,
324,,
324,,
325,,
326,,
326,,
326,,
326,,
326,,
326,,
326,,
326,,
326,,
327,,
327,,
327,,
327,,
327,,
327,,
327,,
327,,
328,,
328,,
328,,
328,,
328,,
328,,
328,,
328,,
328,,
329,,
329,,
329,,
329,,
329,,
329,,
329,,
329,,
329,,
329,,
329,,
330,,
330,,
330,,
330,,
331,,
331,,
331,,
331,,
331,,
331,,
331,,
331,,
331,,
331,,
332,,
332,,
332,,
332,,
332,,
332,,
332,,
332,,
332,,
332,,
332,,
332,,
332,,
332,,
332,,
332,,
333,,
333,,
333,,
333,,
333,,
334,,
334,,
334,,
334,,
334,,
334,,
334,,
334,,
334,,
334,,
334,,
334,,
334,,
335,,
335,,
335,,
335,,
336,,
336,,
336,,
336,,
336,,
336,,
336,,
336,,
336,,
336,,
336,,
336,,
336,,
336,,
336,,
336,,
336,,
336,,
336,,
336,,
336,,
337,,
337,,
337,,
337,,
337,,
337,,
337,,
337,,
337,,
337,,
337,,
337,,
337,,
337,,
337,,
337,,
337,,
337,,
337,,
337,,
338,,
338,,
338,,
338,,
338,,
338,,
338,,
338,,
338,,
338,,
338,,
338,,
338,,
338,,
338,,
338,,
338,,
339,,
339,,
339,,
339,,
340,,
341,,
342,,
342,,
342,,
342,,
342,,
342,,
342,,
342,,
342,,
342,,
342,,
342,,
342,,
342,,
342,,
342,,
342,,
342,,
342,,
342,,
343,,
344,,
344,,
344,,
344,,
344,,
344,,
344,,
344,,
344,,
344,,
344,,
344,,
344,,
344,,
344,,
345,,
345,,
345,,
345,,
345,,
346,,
346,,
346,,
346,,
346,,
346,,
346,,
347,,
347,,
347,,
347,,
347,,
347,,
347,,
347,,
347,,
347,,
347,,
347,,
348,,
348,,
348,,
348,,
349,,
349,,
349,,
349,,
349,,
349,,
349,,
349,,
349,,
349,,
349,,
349,,
350,,
350,,
350,,
350,,
350,,
350,,
350,,
350,,
351,,
351,,
351,,
351,,
351,,
351,,
351,,
351,,
351,,
351,,
351,,
351,,
351,,
351,,
351,,
351,,
352,,
352,,
352,,
352,,
352,,
352,,
352,,
353,,
353,,
354,,
354,,
354,,
354,,
354,,
354,,
354,,
354,,
354,,
354,,
354,,
354,,
354,,
354,,
354,,
354,,
354,,
354,,
355,,
355,,
355,,
355,,
355,,
356,,
356,,
356,,
356,,
356,,
356,,
356,,
356,,
356,,
356,,
356,,
356,,
356,,
356,,
356,,
356,,
356,,
356,,
356,,
356,,
356,,
356,,
356,,
357,,
357,,
357,,
358,,
358,,
358,,
358,,
358,,
358,,
358,,
358,,
358,,
358,,
358,,
358,,
358,,
358,,
358,,
358,,
358,,
358,,
358,,
359,,
359,,
359,,
359,,
359,,
359,,
360,,
360,,
360,,
360,,
360,,
360,,
361,,
361,,
361,,
361,,
361,,
361,,
361,,
361,,
361,,
361,,
361,,
361,,
361,,
361,,
361,,
362,,
362,,
362,,
362,,
362,,
362,,
362,,
362,,
362,,
362,,
363,,
363,,
364,,
365,,
365,,
365,,
365,,
365,,
365,,
365,,
365,,
365,,
365,,
365,,
365,,
365,,
365,,
365,,
366,,
366,,
366,,
366,,
366,,
366,,
366,,
366,,
366,,
366,,
366,,
366,,
366,,
366,,
366,,
366,,
366,,
366,,
366,,
367,,
367,,
367,,
367,,
367,,
367,,
367,,
367,,
367,,
367,,
367,,
367,,
367,,
367,,
367,,
367,,
368,,
368,,
369,,
370,,
370,,
370,,
370,,
371,,
371,,
371,,
371,,
371,,
371,,
371,,
371,,
371,,
371,,
371,,
371,,
372,,
372,,
372,,
372,,
372,,
372,,
372,,
372,,
372,,
372,,
372,,
372,,
372,,
373,,
373,,
373,,
374,,
374,,
374,,
374,,
374,,
374,,
374,,
374,,
374,,
374,,
374,,
374,,
374,,
374,,
374,,
374,,
375,,
375,,
375,,
375,,
375,,
376,,
376,,
376,,
376,,
377,,
377,,
377,,
377,,
377,,
377,,
377,,
378,,
378,,
378,,
379,,
379,,
379,,
379,,
379,,
379,,
379,,
379,,
379,,
379,,
379,,
380,,
380,,
380,,
380,,
380,,
381,,
382,,
382,,
382,,
383,,
383,,
383,,
383,,
383,,
383,,
383,,
383,,
383,,
383,,
383,,
383,,
384,,
384,,
384,,
384,,
384,,
385,,
385,,
385,,
385,,
385,,
385,,
386,,
387,,
387,,
387,,
387,,
387,,
388,,
388,,
388,,
388,,
388,,
388,,
388,,
388,,
388,,
388,,
388,,
388,,
388,,
388,,
388,,
388,,
388,,
389,,
389,,
389,,
389,,
389,,
389,,
389,,
389,,
389,,
389,,
389,,
389,,
389,,
390,,
390,,
390,,
391,,
392,,
392,,
392,,
392,,
392,,
392,,
392,,
392,,
392,,
392,,
392,,
392,,
392,,
393,,
393,,
393,,
393,,
393,,
393,,
393,,
393,,
394,,
394,,
395,,
395,,
395,,
395,,
395,,
395,,
395,,
395,,
395,,
396,,
397,,
397,,
397,,
398,,
398,,
398,,
398,,
398,,
398,,
398,,
398,,
398,,
398,,
398,,
398,,
398,,
398,,
399,,
400,,
400,,
400,,
400,,
400,,
400,,
400,,
400,,
400,,
401,,
401,,
401,,
401,,
401,,
401,,
401,,
401,,
401,,
401,,
401,,
401,,
401,,
402,,
402,,
403,,
404,,
404,,
404,,
404,,
404,,
404,,
404,,
404,,
404,,
404,,
404,,
404,,
404,,
404,,
404,,
404,,
404,,
404,,
404,,
405,,
405,,
405,,
405,,
405,,
405,,
405,,
406,,
406,,
406,,
406,,
407,,
407,,
407,,
407,,
407,,
407,,
407,,
407,,
407,,
407,,
407,,
408,,
408,,
408,,
408,,
408,,
409,,
409,,
409,,
409,,
409,,
409,,
409,,
409,,
409,,
409,,
409,,
410,,
410,,
410,,
410,,
410,,
410,,
410,,
410,,
410,,
410,,
410,,
410,,
410,,
410,,
410,,
410,,
410,,
410,,
410,,
411,,
411,,
411,,
411,,
411,,
412,,
412,,
412,,
412,,
412,,
412,,
412,,
412,,
412,,
412,,
412,,
412,,
412,,
412,,
412,,
412,,
412,,
413,,
413,,
413,,
413,,
413,,
414,,
414,,
414,,
414,,
414,,
414,,
414,,
414,,
414,,
414,,
414,,
415,,
415,,
415,,
415,,
415,,
415,,
415,,
415,,
415,,
415,,
415,,
416,,
416,,
416,,
416,,
417,,
418,,
418,,
418,,
418,,
418,,
418,,
418,,
418,,
418,,
418,,
418,,
418,,
418,,
418,,
418,,
418,,
418,,
418,,
418,,
418,,
418,,
418,,
418,,
419,,
420,,
420,,
420,,
420,,
420,,
420,,
420,,
420,,
421,,
421,,
421,,
421,,
421,,
421,,
421,,
421,,
421,,
422,,
422,,
422,,
422,,
422,,
422,,
422,,
422,,
423,,
423,,
423,,
423,,
423,,
423,,
423,,
423,,
423,,
423,,
423,,
424,,
424,,
424,,
424,,
424,,
424,,
424,,
424,,
424,,
424,,
424,,
424,,
424,,
424,,
424,,
424,,
425,,
425,,
425,,
425,,
425,,
425,,
426,,
426,,
426,,
426,,
426,,
426,,
426,,
426,,
427,,
427,,
428,,
428,,
428,,
428,,
428,,
428,,
428,,
428,,
428,,
429,,
429,,
429,,
429,,
429,,
429,,
429,,
429,,
429,,
429,,
429,,
429,,
430,,
430,,
430,,
430,,
430,,
430,,
430,,
430,,
430,,
431,,
431,,
431,,
431,,
431,,
431,,
431,,
431,,
431,,
431,,
431,,
431,,
431,,
431,,
431,,
431,,
431,,
431,,
431,,
431,,
432,,
433,,
433,,
434,,
434,,
434,,
434,,
434,,
434,,
434,,
434,,
434,,
434,,
434,,
434,,
434,,
434,,
434,,
435,,
435,,
435,,
435,,
435,,
435,,
435,,
435,,
435,,
435,,
436,,
436,,
436,,
436,,
436,,
436,,
437,,
437,,
437,,
438,,
438,,
438,,
438,,
438,,
438,,
438,,
438,,
438,,
438,,
438,,
438,,
438,,
438,,
438,,
439,,
439,,
439,,
439,,
439,,
439,,
439,,
440,,
440,,
440,,
440,,
440,,
440,,
440,,
440,,
440,,
440,,
440,,
440,,
440,,
440,,
441,,
441,,
441,,
441,,
441,,
441,,
441,,
441,,
441,,
441,,
442,,
442,,
442,,
442,,
442,,
442,,
443,,
443,,
443,,
443,,
443,,
443,,
443,,
443,,
444,,
444,,
444,,
444,,
444,,
444,,
444,,
445,,
445,,
445,,
445,,
445,,
445,,
445,,
445,,
445,,
445,,
445,,
445,,
445,,
445,,
445,,
445,,
445,,
445,,
445,,
445,,
445,,
446,,
446,,
446,,
446,,
446,,
446,,
446,,
446,,
446,,
446,,
446,,
446,,
446,,
446,,
446,,
446,,
446,,
446,,
446,,
446,,
447,,
447,,
447,,
448,,
448,,
448,,
448,,
448,,
448,,
448,,
448,,
448,,
448,,
448,,
448,,
449,,
449,,
449,,
449,,
449,,
449,,
449,,
449,,
449,,
449,,
449,,
449,,
449,,
449,,
450,,
450,,
450,,
450,,
450,,
450,,
450,,
450,,
450,,
450,,
450,,
450,,
450,,
450,,
450,,
450,,
450,,
450,,
450,,
450,,
450,,
450,,
450,,
450,,
451,,
451,,
451,,
451,,
451,,
451,,
451,,
451,,
452,,
452,,
452,,
452,,
452,,
453,,
453,,
454,,
454,,
454,,
455,,
455,,
455,,
455,,
455,,
455,,
455,,
455,,
455,,
455,,
455,,
455,,
455,,
455,,
455,,
455,,
455,,
455,,
456,,
456,,
456,,
456,,
456,,
456,,
456,,
456,,
456,,
456,,
456,,
456,,
457,,
457,,
457,,
457,,
457,,
457,,
457,,
457,,
457,,
457,,
457,,
457,,
457,,
457,,
458,,
459,,
459,,
459,,
459,,
459,,
459,,
459,,
459,,
459,,
459,,
459,,
459,,
460,,
460,,
460,,
460,,
461,,
461,,
461,,
461,,
462,,
462,,
462,,
462,,
462,,
462,,
462,,
462,,
462,,
463,,
463,,
463,,
463,,
463,,
463,,
463,,
463,,
463,,
463,,
463,,
463,,
463,,
463,,
464,,
464,,
464,,
464,,
464,,
464,,
464,,
464,,
464,,
464,,
464,,
464,,
464,,
464,,
464,,
464,,
464,,
464,,
464,,
464,,
464,,
465,,
465,,
465,,
465,,
465,,
465,,
466,,
466,,
466,,
466,,
466,,
466,,
466,,
466,,
466,,
466,,
466,,
466,,
466,,
466,,
466,,
466,,
467,,
467,,
467,,
468,,
468,,
468,,
468,,
468,,
468,,
468,,
468,,
468,,
468,,
469,,
469,,
470,,
471,,
471,,
471,,
471,,
471,,
471,,
471,,
472,,
472,,
473,,
473,,
473,,
473,,
473,,
474,,
474,,
474,,
474,,
474,,
474,,
474,,
474,,
474,,
474,,
474,,
474,,
474,,
474,,
474,,
474,,
474,,
474,,
474,,
475,,
475,,
475,,
475,,
475,,
475,,
475,,
475,,
475,,
475,,
475,,
475,,
475,,
475,,
475,,
475,,
475,,
476,,
476,,
476,,
476,,
476,,
476,,
476,,
476,,
476,,
476,,
476,,
476,,
477,,
477,,
477,,
477,,
477,,
477,,
477,,
477,,
477,,
477,,
477,,
477,,
477,,
477,,
477,,
477,,
477,,
477,,
477,,
478,,
478,,
478,,
478,,
478,,
478,,
478,,
478,,
478,,
478,,
478,,
478,,
478,,
478,,
479,,
479,,
479,,
479,,
479,,
479,,
479,,
479,,
479,,
479,,
479,,
479,,
480,,
480,,
480,,
480,,
480,,
480,,
480,,
480,,
480,,
480,,
481,,
481,,
481,,
481,,
481,,
481,,
481,,
481,,
481,,
481,,
481,,
481,,
481,,
481,,
481,,
482,,
482,,
482,,
482,,
482,,
482,,
482,,
482,,
482,,
482,,
482,,
482,,
482,,
482,,
482,,
482,,
482,,
482,,
483,,
483,,
483,,
483,,
483,,
483,,
483,,
483,,
483,,
483,,
483,,
483,,
483,,
483,,
483,,
483,,
484,,
484,,
484,,
485,,
486,,
486,,
486,,
486,,
486,,
486,,
486,,
486,,
486,,
486,,
486,,
486,,
486,,
486,,
486,,
486,,
486,,
486,,
487,,
488,,
488,,
488,,
488,,
488,,
488,,
489,,
489,,
489,,
489,,
489,,
490,,
491,,
491,,
491,,
492,,
492,,
492,,
492,,
493,,
493,,
493,,
493,,
493,,
493,,
493,,
493,,
493,,
493,,
493,,
493,,
493,,
494,,
495,,
495,,
495,,
496,,
496,,
496,,
496,,
496,,
496,,
496,,
496,,
496,,
496,,
496,,
496,,
496,,
496,,
496,,
497,,
497,,
497,,
498,,
498,,
498,,
498,,
498,,
498,,
498,,
498,,
498,,
499,,
499,,
499,,
499,,
499,,
499,,
499,,
499,,
499,,
499,,
499,,
499,,
499,,
499,,
499,,
499,,
499,,
499,,
499,,
499,,
500,,
500,,
501,,
501,,
501,,
501,,
501,,
501,,
501,,
501,,
501,,
501,,
501,,
501,,
501,,
502,,
502,,
502,,
503,,
503,,
503,,
503,,
503,,
503,,
503,,
503,,
503,,
503,,
503,,
503,,
503,,
503,,
503,,
503,,
504,,
504,,
504,,
504,,
504,,
504,,
504,,
504,,
504,,
504,,
504,,
504,,
504,,
504,,
505,,
505,,
505,,
505,,
505,,
505,,
505,,
505,,
505,,
505,,
505,,
505,,
505,,
505,,
505,,
505,,
506,,
506,,
506,,
506,,
506,,
506,,
506,,
506,,
506,,
506,,
506,,
506,,
507,,
507,,
507,,
507,,
507,,
507,,
507,,
507,,
507,,
507,,
507,,
507,,
507,,
507,,
507,,
507,,
507,,
508,,
508,,
508,,
508,,
508,,
508,,
508,,
508,,
508,,
508,,
508,,
508,,
508,,
508,,
508,,
508,,
508,,
508,,
508,,
508,,
508,,
508,,
509,,
509,,
509,,
509,,
509,,
509,,
509,,
509,,
509,,
509,,
509,,
509,,
509,,
509,,
509,,
509,,
509,,
510,,
510,,
510,,
510,,
510,,
510,,
511,,
511,,
511,,
511,,
511,,
511,,
511,,
512,,
512,,
512,,
512,,
512,,
512,,
512,,
512,,
512,,
512,,
512,,
512,,
512,,
512,,
512,,
513,,
513,,
513,,
513,,
513,,
514,,
514,,
514,,
514,,
514,,
514,,
514,,
514,,
515,,
515,,
515,,
515,,
515,,
515,,
515,,
516,,
516,,
516,,
516,,
516,,
516,,
517,,
517,,
517,,
517,,
517,,
517,,
517,,
518,,
518,,
518,,
518,,
518,,
518,,
518,,
518,,
518,,
519,,
519,,
519,,
519,,
519,,
520,,
520,,
520,,
520,,
520,,
520,,
520,,
521,,
521,,
521,,
521,,
521,,
521,,
521,,
522,,
522,,
522,,
522,,
522,,
522,,
522,,
523,,
523,,
523,,
523,,
523,,
523,,
523,,
523,,
523,,
523,,
523,,
523,,
523,,
523,,
523,,
523,,
523,,
523,,
523,,
523,,
523,,
523,,
523,,
523,,
524,,
524,,
524,,
524,,
524,,
524,,
524,,
524,,
524,,
524,,
524,,
524,,
524,,
524,,
524,,
524,,
524,,
525,,
525,,
525,,
525,,
525,,
525,,
525,,
525,,
525,,
526,,
526,,
526,,
526,,
526,,
526,,
526,,
526,,
526,,
526,,
526,,
526,,
526,,
526,,
526,,
526,,
526,,
526,,
526,,
526,,
526,,
527,,
527,,
527,,
527,,
527,,
527,,
527,,
527,,
528,,
528,,
528,,
528,,
528,,
528,,
529,,
529,,
529,,
529,,
529,,
529,,
529,,
529,,
529,,
529,,
530,,
530,,
530,,
530,,
530,,
530,,
530,,
530,,
530,,
530,,
530,,
530,,
530,,
530,,
530,,
530,,
530,,
530,,
530,,
530,,
530,,
530,,
530,,
530,,
531,,
531,,
531,,
531,,
531,,
531,,
531,,
531,,
531,,
531,,
531,,
531,,
531,,
531,,
531,,
531,,
532,,
532,,
532,,
532,,
532,,
532,,
532,,
532,,
532,,
532,,
532,,
532,,
532,,
532,,
532,,
532,,
533,,
533,,
533,,
533,,
533,,
533,,
533,,
533,,
533,,
533,,
534,,
534,,
534,,
534,,
535,,
535,,
535,,
535,,
536,,
536,,
536,,
536,,
536,,
536,,
536,,
536,,
536,,
536,,
536,,
536,,
536,,
536,,
536,,
536,,
537,,
537,,
537,,
537,,
537,,
538,,
538,,
538,,
538,,
538,,
538,,
538,,
538,,
538,,
538,,
539,,
539,,
539,,
539,,
539,,
539,,
539,,
540,,
540,,
540,,
540,,
540,,
541,,
541,,
541,,
541,,
541,,
541,,
541,,
541,,
541,,
541,,
541,,
541,,
541,,
541,,
541,,
541,,
541,,
541,,
541,,
541,,
542,,
542,,
542,,
542,,
542,,
542,,
542,,
542,,
542,,
543,,
543,,
543,,
544,,
544,,
544,,
544,,
544,,
544,,
544,,
544,,
544,,
545,,
545,,
545,,
545,,
545,,
545,,
545,,
545,,
545,,
545,,
545,,
545,,
545,,
545,,
546,,
546,,
546,,
546,,
546,,
546,,
546,,
546,,
546,,
546,,
546,,
546,,
546,,
546,,
546,,
546,,
546,,
546,,
546,,
547,,
547,,
547,,
548,,
548,,
548,,
548,,
548,,
548,,
548,,
548,,
548,,
549,,
549,,
549,,
549,,
549,,
549,,
549,,
549,,
549,,
549,,
550,,
551,,
551,,
551,,
551,,
551,,
551,,
551,,
551,,
551,,
551,,
552,,
552,,
552,,
552,,
552,,
553,,
553,,
553,,
553,,
553,,
553,,
553,,
553,,
553,,
553,,
553,,
553,,
553,,
553,,
553,,
553,,
553,,
553,,
553,,
553,,
553,,
554,,
554,,
554,,
554,,
554,,
554,,
554,,
554,,
554,,
554,,
554,,
554,,
554,,
555,,
555,,
555,,
555,,
555,,
556,,
556,,
556,,
556,,
556,,
556,,
556,,
557,,
557,,
557,,
557,,
557,,
557,,
557,,
557,,
558,,
558,,
558,,
558,,
558,,
558,,
558,,
558,,
559,,
559,,
559,,
559,,
559,,
559,,
559,,
559,,
560,,
560,,
560,,
560,,
560,,
560,,
560,,
560,,
561,,
561,,
561,,
561,,
561,,
561,,
561,,
561,,
561,,
561,,
561,,
561,,
561,,
561,,
561,,
561,,
561,,
561,,
561,,
562,,
562,,
562,,
562,,
562,,
562,,
562,,
562,,
562,,
562,,
562,,
562,,
563,,
563,,
563,,
563,,
563,,
563,,
563,,
563,,
563,,
564,,
564,,
564,,
564,,
564,,
564,,
564,,
564,,
564,,
564,,
564,,
565,,
565,,
565,,
565,,
565,,
566,,
566,,
567,,
568,,
568,,
568,,
568,,
568,,
568,,
568,,
568,,
568,,
568,,
568,,
568,,
569,,
569,,
569,,
569,,
570,,
570,,
570,,
570,,
571,,
571,,
571,,
571,,
571,,
571,,
571,,
571,,
571,,
571,,
571,,
571,,
571,,
571,,
571,,
571,,
572,,
572,,
572,,
572,,
572,,
572,,
572,,
572,,
572,,
572,,
572,,
572,,
572,,
572,,
572,,
572,,
572,,
572,,
572,,
573,,
573,,
573,,
573,,
573,,
573,,
573,,
573,,
573,,
573,,
573,,
574,,
574,,
574,,
574,,
574,,
574,,
574,,
574,,
574,,
574,,
574,,
574,,
574,,
574,,
574,,
574,,
574,,
574,,
574,,
574,,
575,,
575,,
575,,
575,,
576,,
576,,
576,,
576,,
576,,
576,,
576,,
576,,
576,,
576,,
576,,
577,,
577,,
577,,
577,,
577,,
577,,
577,,
577,,
578,,
578,,
578,,
578,,
578,,
578,,
578,,
578,,
578,,
578,,
579,,
579,,
580,,
580,,
581,,
582,,
583,,
583,,
583,,
583,,
583,,
583,,
583,,
583,,
583,,
583,,
584,,
584,,
584,,
584,,
584,,
584,,
584,,
584,,
584,,
584,,
585,,
585,,
585,,
585,,
585,,
585,,
585,,
585,,
585,,
585,,
585,,
585,,
585,,
586,,
587,,
587,,
587,,
587,,
587,,
587,,
588,,
588,,
588,,
588,,
588,,
588,,
588,,
589,,
589,,
589,,
589,,
589,,
589,,
589,,
589,,
589,,
589,,
589,,
590,,
590,,
590,,
590,,
590,,
590,,
590,,
590,,
590,,
590,,
590,,
590,,
590,,
590,,
590,,
590,,
590,,
590,,
591,,
591,,
591,,
591,,
592,,
592,,
592,,
592,,
592,,
592,,
592,,
592,,
592,,
592,,
592,,
592,,
592,,
592,,
593,,
593,,
593,,
593,,
593,,
593,,
593,,
593,,
593,,
593,,
593,,
594,,
594,,
594,,
594,,
594,,
594,,
594,,
594,,
594,,
594,,
594,,
595,,
595,,
595,,
595,,
595,,
595,,
595,,
596,,
596,,
596,,
596,,
596,,
596,,
596,,
596,,
596,,
596,,
596,,
596,,
596,,
596,,
596,,
596,,
596,,
596,,
596,,
596,,
596,,
596,,
597,,
597,,
597,,
597,,
597,,
597,,
597,,
597,,
597,,
597,,
597,,
597,,
598,,
598,,
598,,
598,,
598,,
599,,
599,,
599,,
599,,
599,,
599,,
599,,
599,,
599,,
599,,
599,,
599,,
599,,
599,,
599,,
599,,
599,,
599,,
600,,
600,,
601,,
601,,
601,,
601,,
601,,
601,,
602,,
602,,
602,,
602,,
602,,
602,,
603,,
603,,
603,,
603,,
603,,
603,,
603,,
603,,
603,,
603,,
603,,
603,,
603,,
603,,
604,,
604,,
604,,
604,,
604,,
604,,
604,,
604,,
604,,
604,,
604,,
604,,
604,,
604,,
605,,
605,,
605,,
605,,
605,,
605,,
605,,
605,,
605,,
606,,
606,,
606,,
606,,
606,,
606,,
606,,
606,,
606,,
606,,
606,,
606,,
607,,
607,,
607,,
607,,
607,,
607,,
607,,
607,,
607,,
607,,
607,,
607,,
607,,
607,,
607,,
607,,
608,,
608,,
608,,
608,,
608,,
608,,
608,,
608,,
608,,
608,,
609,,
610,,
610,,
610,,
610,,
610,,
610,,
610,,
610,,
611,,
611,,
611,,
611,,
611,,
611,,
611,,
611,,
611,,
611,,
611,,
611,,
611,,
611,,
611,,
612,,
612,,
612,,
612,,
612,,
612,,
612,,
612,,
612,,
612,,
613,,
613,,
613,,
613,,
613,,
613,,
613,,
613,,
613,,
613,,
613,,
614,,
614,,
614,,
614,,
614,,
614,,
614,,
614,,
614,,
614,,
614,,
614,,
614,,
614,,
614,,
614,,
614,,
614,,
614,,
614,,
614,,
615,,
615,,
615,,
615,,
615,,
615,,
615,,
615,,
615,,
615,,
615,,
615,,
615,,
615,,
615,,
615,,
615,,
615,,
615,,
615,,
615,,
615,,
615,,
616,,
616,,
616,,
616,,
616,,
617,,
617,,
617,,
617,,
617,,
617,,
617,,
617,,
617,,
617,,
617,,
618,,
618,,
619,,
619,,
619,,
619,,
619,,
619,,
619,,
619,,
619,,
620,,
621,,
621,,
621,,
621,,
621,,
621,,
621,,
621,,
622,,
622,,
622,,
622,,
622,,
622,,
622,,
622,,
622,,
622,,
622,,
622,,
622,,
622,,
622,,
623,,
623,,
623,,
623,,
623,,
623,,
623,,
623,,
623,,
623,,
623,,
623,,
623,,
623,,
623,,
623,,
623,,
623,,
623,,
624,,
625,,
625,,
625,,
625,,
625,,
625,,
625,,
625,,
625,,
625,,
625,,
625,,
625,,
625,,
625,,
625,,
625,,
625,,
625,,
625,,
626,,
626,,
626,,
626,,
626,,
626,,
626,,
626,,
626,,
626,,
626,,
626,,
626,,
626,,
627,,
628,,
628,,
628,,
628,,
628,,
628,,
628,,
628,,
628,,
628,,
628,,
628,,
628,,
628,,
629,,
629,,
629,,
629,,
629,,
629,,
629,,
629,,
629,,
629,,
629,,
629,,
629,,
629,,
629,,
629,,
629,,
629,,
630,,
630,,
630,,
630,,
630,,
630,,
630,,
630,,
630,,
630,,
630,,
630,,
630,,
630,,
630,,
631,,
632,,
632,,
632,,
632,,
632,,
632,,
632,,
632,,
632,,
632,,
632,,
632,,
632,,
632,,
632,,
632,,
632,,
632,,
633,,
633,,
633,,
633,,
633,,
633,,
633,,
633,,
633,,
633,,
634,,
634,,
634,,
634,,
634,,
634,,
634,,
634,,
634,,
635,,
635,,
635,,
635,,
635,,
635,,
635,,
635,,
635,,
635,,
636,,
636,,
636,,
636,,
636,,
636,,
636,,
637,,
637,,
637,,
637,,
637,,
637,,
637,,
637,,
637,,
637,,
637,,
637,,
638,,
638,,
638,,
638,,
638,,
638,,
638,,
638,,
638,,
638,,
638,,
638,,
638,,
639,,
639,,
639,,
639,,
639,,
639,,
639,,
639,,
639,,
639,,
639,,
640,,
640,,
640,,
640,,
640,,
640,,
640,,
640,,
640,,
640,,
640,,
640,,
640,,
640,,
640,,
640,,
640,,
641,,
641,,
642,,
642,,
642,,
642,,
642,,
643,,
643,,
643,,
643,,
643,,
643,,
643,,
644,,
644,,
644,,
644,,
644,,
644,,
644,,
644,,
644,,
644,,
644,,
645,,
645,,
645,,
645,,
645,,
645,,
645,,
645,,
645,,
645,,
645,,
645,,
645,,
645,,
645,,
645,,
645,,
646,,
646,,
646,,
646,,
646,,
646,,
646,,
646,,
646,,
646,,
646,,
646,,
646,,
646,,
646,,
646,,
646,,
646,,
646,,
646,,
646,,
646,,
647,,
648,,
648,,
648,,
648,,
648,,
648,,
648,,
649,,
649,,
649,,
649,,
649,,
649,,
649,,
649,,
649,,
649,,
649,,
649,,
649,,
649,,
649,,
649,,
649,,
649,,
649,,
649,,
649,,
649,,
649,,
649,,
650,,
650,,
650,,
650,,
650,,
650,,
650,,
650,,
650,,
651,,
651,,
651,,
651,,
651,,
651,,
651,,
651,,
651,,
651,,
651,,
651,,
651,,
652,,
652,,
652,,
652,,
652,,
652,,
652,,
652,,
652,,
652,,
652,,
652,,
652,,
652,,
652,,
652,,
653,,
653,,
653,,
653,,
653,,
654,,
654,,
654,,
654,,
654,,
654,,
654,,
654,,
654,,
655,,
655,,
655,,
655,,
655,,
655,,
655,,
655,,
655,,
655,,
655,,
655,,
655,,
655,,
655,,
655,,
656,,
657,,
657,,
657,,
657,,
657,,
657,,
657,,
657,,
657,,
657,,
657,,
657,,
657,,
657,,
657,,
657,,
657,,
657,,
657,,
657,,
658,,
658,,
658,,
658,,
658,,
658,,
658,,
658,,
658,,
658,,
658,,
658,,
658,,
658,,
658,,
658,,
658,,
658,,
658,,
658,,
658,,
659,,
659,,
659,,
659,,
659,,
659,,
659,,
659,,
659,,
659,,
659,,
659,,
659,,
659,,
659,,
659,,
659,,
659,,
659,,
659,,
660,,
660,,
660,,
660,,
660,,
660,,
660,,
660,,
660,,
660,,
660,,
660,,
660,,
660,,
660,,
660,,
661,,
661,,
661,,
661,,
661,,
661,,
661,,
661,,
661,,
661,,
662,,
662,,
662,,
662,,
662,,
662,,
662,,
663,,
663,,
663,,
663,,
663,,
663,,
663,,
663,,
663,,
663,,
664,,
664,,
664,,
664,,
664,,
664,,
664,,
664,,
664,,
665,,
665,,
665,,
665,,
665,,
665,,
665,,
665,,
665,,
665,,
665,,
665,,
665,,
665,,
665,,
665,,
665,,
665,,
665,,
666,,
666,,
666,,
666,,
666,,
666,,
666,,
666,,
666,,
666,,
666,,
666,,
666,,
666,,
666,,
666,,
666,,
667,,
667,,
667,,
667,,
667,,
667,,
667,,
667,,
667,,
667,,
668,,
668,,
669,,
669,,
669,,
669,,
669,,
670,,
670,,
670,,
670,,
670,,
670,,
670,,
670,,
670,,
670,,
670,,
670,,
670,,
670,,
670,,
670,,
671,,
671,,
671,,
671,,
671,,
671,,
671,,
671,,
671,,
671,,
671,,
671,,
671,,
671,,
671,,
671,,
671,,
671,,
672,,
672,,
672,,
672,,
672,,
672,,
672,,
672,,
672,,
672,,
672,,
672,,
672,,
672,,
672,,
672,,
673,,
673,,
673,,
673,,
673,,
673,,
673,,
673,,
673,,
673,,
673,,
673,,
673,,
673,,
673,,
673,,
673,,
673,,
673,,
673,,
673,,
674,,
674,,
674,,
674,,
674,,
674,,
674,,
674,,
674,,
675,,
675,,
675,,
675,,
675,,
675,,
676,,
676,,
676,,
676,,
676,,
676,,
676,,
676,,
676,,
676,,
676,,
676,,
676,,
676,,
676,,
677,,
677,,
677,,
677,,
678,,
678,,
678,,
678,,
678,,
678,,
678,,
678,,
678,,
678,,
678,,
678,,
678,,
678,,
678,,
678,,
678,,
678,,
678,,
679,,
679,,
679,,
679,,
679,,
679,,
679,,
679,,
679,,
679,,
679,,
679,,
679,,
679,,
679,,
679,,
679,,
680,,
680,,
680,,
680,,
680,,
680,,
680,,
680,,
680,,
680,,
680,,
680,,
680,,
680,,
680,,
681,,
681,,
681,,
681,,
681,,
681,,
682,,
682,,
682,,
682,,
682,,
682,,
682,,
682,,
682,,
682,,
682,,
682,,
682,,
682,,
682,,
683,,
684,,
684,,
684,,
685,,
685,,
686,,
686,,
686,,
686,,
686,,
686,,
686,,
686,,
686,,
686,,
686,,
686,,
687,,
687,,
687,,
687,,
687,,
687,,
687,,
687,,
688,,
689,,
689,,
689,,
689,,
689,,
689,,
689,,
689,,
689,,
689,,
689,,
689,,
689,,
689,,
689,,
690,,
690,,
690,,
690,,
690,,
690,,
690,,
690,,
690,,
690,,
691,,
692,,
692,,
693,,
693,,
693,,
693,,
693,,
693,,
694,,
694,,
694,,
694,,
695,,
695,,
695,,
695,,
695,,
695,,
695,,
696,,
696,,
696,,
696,,
696,,
696,,
696,,
696,,
697,,
697,,
697,,
697,,
697,,
697,,
697,,
697,,
698,,
698,,
698,,
698,,
698,,
698,,
698,,
698,,
699,,
699,,
699,,
699,,
699,,
699,,
699,,
699,,
699,,
699,,
699,,
699,,
699,,
699,,
699,,
700,,
700,,
700,,
700,,
700,,
700,,
700,,
700,,
700,,
700,,
700,,
700,,
700,,
701,,
701,,
702,,
702,,
702,,
703,,
703,,
703,,
703,,
703,,
703,,
703,,
704,,
704,,
704,,
704,,
704,,
705,,
705,,
705,,
705,,
705,,
705,,
705,,
705,,
705,,
706,,
706,,
706,,
706,,
706,,
706,,
706,,
706,,
706,,
706,,
706,,
707,,
707,,
707,,
707,,
707,,
707,,
707,,
707,,
707,,
707,,
707,,
707,,
707,,
707,,
707,,
707,,
708,,
709,,
709,,
710,,
711,,
712,,
712,,
712,,
712,,
712,,
712,,
712,,
712,,
712,,
712,,
712,,
712,,
713,,
713,,
713,,
714,,
714,,
714,,
714,,
714,,
714,,
715,,
716,,
716,,
716,,
716,,
716,,
716,,
717,,
717,,
717,,
717,,
717,,
717,,
717,,
717,,
717,,
717,,
717,,
717,,
717,,
718,,
718,,
718,,
718,,
718,,
718,,
718,,
719,,
719,,
719,,
719,,
719,,
719,,
719,,
719,,
720,,
720,,
720,,
720,,
720,,
720,,
720,,
720,,
720,,
720,,
720,,
720,,
720,,
720,,
720,,
720,,
720,,
720,,
720,,
721,,
722,,
722,,
722,,
722,,
722,,
722,,
722,,
722,,
722,,
722,,
722,,
722,,
722,,
722,,
722,,
722,,
722,,
723,,
723,,
723,,
723,,
723,,
723,,
723,,
723,,
724,,
724,,
724,,
724,,
724,,
724,,
725,,
725,,
725,,
725,,
725,,
725,,
725,,
726,,
726,,
726,,
726,,
726,,
726,,
726,,
726,,
727,,
727,,
727,,
727,,
727,,
727,,
727,,
727,,
727,,
727,,
728,,
728,,
728,,
728,,
728,,
728,,
728,,
728,,
728,,
728,,
728,,
728,,
729,,
729,,
730,,
730,,
730,,
730,,
730,,
730,,
730,,
730,,
730,,
730,,
730,,
730,,
730,,
730,,
731,,
732,,
732,,
733,,
733,,
733,,
733,,
733,,
733,,
733,,
733,,
733,,
733,,
733,,
733,,
733,,
734,,
734,,
734,,
735,,
735,,
735,,
735,,
735,,
735,,
735,,
735,,
735,,
735,,
735,,
735,,
735,,
735,,
735,,
735,,
735,,
735,,
735,,
735,,
736,,
736,,
736,,
736,,
736,,
736,,
736,,
736,,
736,,
736,,
736,,
736,,
736,,
736,,
737,,
737,,
737,,
737,,
737,,
737,,
737,,
737,,
737,,
738,,
738,,
738,,
738,,
738,,
738,,
738,,
738,,
738,,
739,,
739,,
739,,
739,,
739,,
739,,
739,,
739,,
739,,
739,,
739,,
739,,
739,,
739,,
739,,
740,,
740,,
740,,
740,,
740,,
740,,
740,,
740,,
740,,
740,,
740,,
740,,
740,,
740,,
741,,
741,,
741,,
741,,
741,,
742,,
743,,
743,,
743,,
743,,
743,,
743,,
744,,
744,,
744,,
744,,
744,,
744,,
744,,
744,,
744,,
744,,
744,,
744,,
745,,
745,,
745,,
745,,
745,,
745,,
745,,
745,,
745,,
745,,
745,,
745,,
746,,
747,,
747,,
747,,
747,,
747,,
747,,
747,,
747,,
747,,
747,,
747,,
747,,
747,,
747,,
747,,
747,,
747,,
747,,
747,,
748,,
749,,
749,,
749,,
749,,
749,,
749,,
749,,
749,,
750,,
750,,
750,,
750,,
750,,
751,,
752,,
752,,
752,,
752,,
752,,
752,,
752,,
752,,
752,,
752,,
752,,
752,,
753,,
753,,
753,,
754,,
754,,
754,,
754,,
754,,
755,,
755,,
755,,
755,,
755,,
755,,
755,,
755,,
755,,
755,,
756,,
756,,
756,,
756,,
756,,
756,,
756,,
756,,
756,,
756,,
757,,
757,,
757,,
757,,
757,,
757,,
757,,
757,,
757,,
757,,
757,,
758,,
758,,
758,,
758,,
758,,
758,,
759,,
759,,
759,,
759,,
759,,
759,,
759,,
759,,
759,,
759,,
759,,
759,,
759,,
759,,
759,,
759,,
760,,
760,,
760,,
760,,
760,,
761,,
761,,
761,,
761,,
761,,
761,,
761,,
761,,
761,,
761,,
762,,
762,,
762,,
762,,
762,,
763,,
763,,
763,,
763,,
763,,
763,,
763,,
763,,
763,,
763,,
763,,
764,,
765,,
765,,
766,,
766,,
766,,
766,,
766,,
766,,
766,,
767,,
767,,
767,,
767,,
767,,
767,,
767,,
767,,
767,,
767,,
767,,
767,,
768,,
768,,
768,,
768,,
768,,
768,,
768,,
768,,
768,,
769,,
769,,
769,,
770,,
770,,
770,,
770,,
770,,
770,,
770,,
770,,
770,,
770,,
770,,
770,,
770,,
770,,
770,,
770,,
770,,
770,,
771,,
771,,
771,,
771,,
771,,
771,,
771,,
771,,
771,,
771,,
771,,
771,,
771,,
771,,
771,,
771,,
771,,
771,,
772,,
772,,
772,,
772,,
772,,
772,,
772,,
772,,
772,,
772,,
772,,
772,,
772,,
772,,
772,,
772,,
773,,
773,,
773,,
774,,
774,,
774,,
774,,
774,,
774,,
774,,
774,,
774,,
774,,
774,,
775,,
775,,
775,,
775,,
775,,
775,,
775,,
775,,
775,,
775,,
775,,
775,,
775,,
775,,
776,,
776,,
776,,
776,,
776,,
776,,
776,,
776,,
777,,
777,,
777,,
777,,
777,,
777,,
777,,
777,,
777,,
777,,
777,,
777,,
777,,
777,,
778,,
778,,
778,,
778,,
778,,
778,,
778,,
778,,
778,,
778,,
778,,
779,,
779,,
780,,
780,,
780,,
780,,
780,,
780,,
780,,
780,,
781,,
781,,
782,,
782,,
782,,
782,,
782,,
782,,
782,,
782,,
782,,
782,,
782,,
782,,
783,,
783,,
783,,
783,,
783,,
783,,
783,,
783,,
783,,
784,,
784,,
785,,
785,,
786,,
786,,
786,,
786,,
787,,
787,,
787,,
787,,
787,,
787,,
787,,
787,,
787,,
787,,
787,,
788,,
788,,
788,,
788,,
788,,
789,,
789,,
789,,
789,,
789,,
789,,
789,,
789,,
789,,
789,,
790,,
791,,
791,,
791,,
791,,
791,,
791,,
791,,
791,,
791,,
791,,
791,,
791,,
791,,
791,,
791,,
791,,
791,,
791,,
791,,
791,,
791,,
791,,
792,,
792,,
792,,
792,,
792,,
792,,
792,,
792,,
792,,
792,,
792,,
792,,
792,,
792,,
792,,
792,,
792,,
792,,
792,,
792,,
792,,
793,,
793,,
793,,
793,,
793,,
793,,
793,,
793,,
793,,
793,,
793,,
794,,
794,,
794,,
794,,
794,,
794,,
794,,
794,,
794,,
794,,
794,,
795,,
795,,
795,,
795,,
795,,
795,,
795,,
795,,
795,,
796,,
796,,
796,,
796,,
796,,
796,,
796,,
796,,
796,,
796,,
796,,
796,,
796,,
796,,
796,,
796,,
796,,
796,,
796,,
796,,
796,,
797,,
797,,
797,,
797,,
797,,
797,,
797,,
797,,
797,,
797,,
797,,
797,,
797,,
797,,
798,,
798,,
798,,
798,,
798,,
798,,
798,,
799,,
799,,
799,,
799,,
799,,
799,,
799,,
800,,
800,,
801,,
801,,
801,,
801,,
801,,
801,,
801,,
801,,
801,,
802,,
802,,
802,,
802,,
802,,
803,,
803,,
803,,
803,,
803,,
803,,
803,,
804,,
804,,
804,,
804,,
804,,
804,,
804,,
804,,
804,,
804,,
805,,
805,,
805,,
805,,
805,,
805,,
805,,
805,,
806,,
806,,
806,,
806,,
806,,
806,,
806,,
806,,
806,,
806,,
806,,
806,,
806,,
806,,
806,,
806,,
806,,
806,,
807,,
807,,
808,,
808,,
808,,
808,,
808,,
808,,
808,,
808,,
809,,
809,,
809,,
809,,
809,,
809,,
809,,
809,,
809,,
809,,
809,,
809,,
809,,
809,,
809,,
809,,
810,,
810,,
810,,
810,,
810,,
810,,
810,,
810,,
810,,
810,,
810,,
810,,
810,,
810,,
810,,
810,,
810,,
810,,
811,,
811,,
811,,
811,,
811,,
811,,
811,,
811,,
811,,
811,,
811,,
812,,
812,,
812,,
812,,
812,,
812,,
812,,
812,,
812,,
812,,
812,,
812,,
812,,
812,,
813,,
813,,
813,,
813,,
813,,
813,,
813,,
813,,
813,,
813,,
813,,
814,,
814,,
814,,
814,,
814,,
815,,
815,,
815,,
815,,
816,,
816,,
816,,
816,,
816,,
817,,
817,,
817,,
817,,
817,,
817,,
817,,
817,,
817,,
817,,
817,,
817,,
817,,
817,,
817,,
818,,
818,,
818,,
818,,
818,,
818,,
818,,
818,,
819,,
819,,
819,,
819,,
819,,
819,,
819,,
819,,
819,,
819,,
819,,
819,,
819,,
819,,
819,,
819,,
819,,
819,,
819,,
820,,
820,,
820,,
820,,
820,,
820,,
820,,
820,,
820,,
820,,
820,,
820,,
820,,
820,,
820,,
820,,
820,,
820,,
820,,
820,,
820,,
820,,
821,,
821,,
821,,
821,,
821,,
821,,
821,,
821,,
821,,
821,,
821,,
821,,
821,,
821,,
821,,
822,,
822,,
822,,
822,,
822,,
822,,
822,,
822,,
822,,
823,,
823,,
823,,
823,,
823,,
823,,
823,,
823,,
823,,
823,,
823,,
823,,
823,,
823,,
823,,
824,,
824,,
825,,
825,,
825,,
826,,
826,,
826,,
826,,
826,,
827,,
827,,
827,,
827,,
827,,
827,,
827,,
827,,
827,,
827,,
827,,
827,,
827,,
827,,
828,,
828,,
828,,
828,,
828,,
828,,
828,,
828,,
828,,
828,,
828,,
828,,
828,,
828,,
828,,
828,,
829,,
829,,
829,,
830,,
830,,
830,,
830,,
830,,
830,,
830,,
830,,
831,,
831,,
831,,
831,,
831,,
831,,
831,,
831,,
832,,
832,,
832,,
832,,
832,,
832,,
832,,
832,,
832,,
832,,
832,,
832,,
832,,
832,,
832,,
832,,
833,,
833,,
833,,
833,,
833,,
833,,
833,,
834,,
834,,
834,,
834,,
834,,
834,,
834,,
834,,
834,,
834,,
834,,
834,,
834,,
834,,
834,,
834,,
835,,
835,,
835,,
835,,
835,,
835,,
835,,
835,,
835,,
835,,
835,,
835,,
836,,
836,,
836,,
836,,
836,,
836,,
836,,
836,,
836,,
836,,
836,,
836,,
836,,
837,,
837,,
837,,
838,,
839,,
839,,
839,,
839,,
839,,
839,,
839,,
839,,
839,,
839,,
839,,
839,,
839,,
839,,
840,,
840,,
840,,
840,,
840,,
840,,
840,,
840,,
840,,
840,,
840,,
840,,
840,,
840,,
840,,
840,,
841,,
841,,
841,,
841,,
841,,
841,,
841,,
841,,
841,,
841,,
841,,
841,,
841,,
841,,
841,,
841,,
841,,
841,,
841,,
841,,
841,,
841,,
841,,
842,,
842,,
842,,
842,,
842,,
842,,
842,,
842,,
842,,
842,,
842,,
843,,
843,,
843,,
843,,
843,,
843,,
843,,
843,,
843,,
843,,
843,,
843,,
843,,
843,,
843,,
844,,
844,,
844,,
844,,
844,,
844,,
844,,
844,,
844,,
844,,
844,,
844,,
844,,
844,,
844,,
844,,
844,,
844,,
844,,
844,,
844,,
845,,
845,,
845,,
845,,
845,,
845,,
845,,
845,,
845,,
845,,
845,,
845,,
846,,
846,,
846,,
846,,
846,,
847,,
847,,
847,,
847,,
847,,
847,,
848,,
848,,
848,,
848,,
848,,
848,,
848,,
848,,
848,,
848,,
848,,
848,,
849,,
849,,
849,,
849,,
849,,
849,,
849,,
849,,
849,,
849,,
849,,
849,,
850,,
850,,
850,,
850,,
850,,
850,,
850,,
851,,
851,,
851,,
851,,
851,,
851,,
851,,
851,,
851,,
851,,
851,,
851,,
851,,
851,,
851,,
851,,
851,,
851,,
851,,
851,,
851,,
852,,
852,,
852,,
852,,
852,,
852,,
852,,
852,,
852,,
853,,
853,,
853,,
853,,
853,,
853,,
853,,
853,,
853,,
853,,
853,,
853,,
853,,
853,,
853,,
854,,
854,,
854,,
854,,
854,,
854,,
855,,
855,,
855,,
855,,
855,,
855,,
855,,
855,,
856,,
856,,
856,,
856,,
856,,
857,,
857,,
857,,
857,,
857,,
857,,
857,,
857,,
857,,
857,,
857,,
857,,
858,,
858,,
858,,
858,,
858,,
858,,
858,,
858,,
858,,
858,,
858,,
858,,
858,,
858,,
859,,
859,,
859,,
859,,
860,,
860,,
860,,
860,,
860,,
860,,
860,,
860,,
860,,
860,,
860,,
860,,
860,,
860,,
860,,
860,,
861,,
861,,
861,,
861,,
861,,
861,,
861,,
861,,
861,,
861,,
861,,
861,,
861,,
861,,
861,,
861,,
861,,
861,,
861,,
862,,
862,,
862,,
862,,
863,,
863,,
863,,
863,,
863,,
863,,
863,,
863,,
864,,
864,,
864,,
864,,
864,,
865,,
865,,
865,,
865,,
865,,
865,,
865,,
866,,
866,,
866,,
866,,
866,,
866,,
866,,
866,,
866,,
866,,
866,,
867,,
867,,
867,,
867,,
867,,
867,,
867,,
867,,
868,,
868,,
868,,
868,,
869,,
869,,
869,,
869,,
869,,
869,,
869,,
869,,
869,,
869,,
869,,
869,,
869,,
869,,
869,,
869,,
869,,
869,,
870,,
870,,
870,,
870,,
870,,
870,,
870,,
870,,
871,,
871,,
871,,
871,,
871,,
871,,
871,,
871,,
871,,
871,,
871,,
872,,
872,,
872,,
872,,
872,,
872,,
872,,
872,,
872,,
872,,
873,,
873,,
873,,
873,,
873,,
873,,
874,,
874,,
874,,
874,,
874,,
874,,
874,,
874,,
874,,
874,,
874,,
874,,
874,,
874,,
874,,
874,,
875,,
875,,
875,,
875,,
875,,
875,,
875,,
875,,
875,,
875,,
875,,
876,,
876,,
876,,
877,,
877,,
877,,
877,,
877,,
878,,
878,,
878,,
878,,
879,,
879,,
879,,
880,,
880,,
880,,
881,,
882,,
883,,
883,,
883,,
883,,
883,,
883,,
883,,
883,,
884,,
884,,
884,,
884,,
884,,
884,,
884,,
884,,
884,,
884,,
884,,
884,,
884,,
884,,
884,,
884,,
884,,
884,,
885,,
885,,
885,,
885,,
885,,
886,,
886,,
886,,
886,,
886,,
886,,
886,,
886,,
886,,
886,,
886,,
886,,
886,,
886,,
886,,
886,,
886,,
886,,
886,,
886,,
886,,
887,,
887,,
887,,
887,,
887,,
887,,
887,,
887,,
887,,
887,,
887,,
887,,
887,,
887,,
888,,
888,,
888,,
888,,
888,,
888,,
888,,
888,,
888,,
888,,
888,,
888,,
888,,
888,,
888,,
888,,
888,,
888,,
888,,
888,,
889,,
889,,
889,,
889,,
889,,
889,,
890,,
890,,
890,,
890,,
890,,
891,,
891,,
891,,
891,,
891,,
891,,
891,,
892,,
892,,
892,,
892,,
892,,
892,,
892,,
892,,
892,,
892,,
892,,
892,,
892,,
892,,
892,,
892,,
892,,
893,,
893,,
893,,
893,,
893,,
893,,
893,,
893,,
893,,
893,,
893,,
893,,
893,,
893,,
893,,
893,,
893,,
893,,
894,,
895,,
895,,
895,,
895,,
895,,
895,,
895,,
895,,
895,,
895,,
895,,
896,,
896,,
896,,
896,,
896,,
896,,
897,,
897,,
897,,
897,,
897,,
897,,
897,,
897,,
897,,
897,,
897,,
898,,
898,,
898,,
898,,
898,,
899,,
899,,
900,,
900,,
900,,
900,,
900,,
900,,
900,,
900,,
900,,
900,,
900,,
900,,
900,,
900,,
900,,
900,,
901,,
901,,
901,,
901,,
901,,
901,,
901,,
901,,
901,,
901,,
901,,
901,,
901,,
901,,
901,,
901,,
901,,
901,,
902,,
902,,
902,,
902,,
902,,
902,,
902,,
902,,
902,,
902,,
902,,
902,,
902,,
902,,
902,,
902,,
902,,
903,,
903,,
903,,
904,,
904,,
904,,
904,,
904,,
904,,
904,,
904,,
905,,
905,,
905,,
905,,
905,,
905,,
905,,
905,,
905,,
905,,
905,,
905,,
905,,
905,,
905,,
905,,
905,,
906,,
906,,
906,,
906,,
906,,
906,,
907,,
907,,
907,,
907,,
907,,
907,,
907,,
907,,
907,,
907,,
907,,
907,,
907,,
907,,
908,,
908,,
908,,
908,,
908,,
908,,
908,,
908,,
908,,
908,,
908,,
908,,
908,,
908,,
908,,
908,,
908,,
909,,
909,,
909,,
909,,
909,,
909,,
909,,
909,,
909,,
910,,
910,,
910,,
910,,
910,,
910,,
910,,
910,,
910,,
910,,
910,,
910,,
910,,
910,,
910,,
911,,
911,,
911,,
911,,
911,,
911,,
912,,
912,,
912,,
912,,
912,,
912,,
912,,
912,,
913,,
913,,
913,,
913,,
913,,
913,,
913,,
913,,
913,,
913,,
913,,
913,,
913,,
913,,
913,,
914,,
914,,
914,,
915,,
915,,
915,,
915,,
915,,
915,,
915,,
915,,
915,,
915,,
916,,
916,,
916,,
916,,
916,,
916,,
916,,
916,,
916,,
916,,
916,,
916,,
916,,
916,,
917,,
917,,
917,,
917,,
917,,
917,,
918,,
918,,
918,,
918,,
918,,
918,,
918,,
918,,
918,,
918,,
918,,
918,,
918,,
919,,
919,,
920,,
920,,
920,,
920,,
920,,
921,,
921,,
921,,
921,,
921,,
921,,
921,,
921,,
921,,
921,,
921,,
922,,
922,,
922,,
922,,
922,,
922,,
922,,
922,,
922,,
923,,
923,,
923,,
923,,
923,,
923,,
923,,
923,,
923,,
923,,
923,,
923,,
923,,
923,,
924,,
924,,
924,,
924,,
924,,
924,,
924,,
925,,
925,,
925,,
925,,
925,,
925,,
925,,
925,,
925,,
926,,
926,,
926,,
926,,
926,,
926,,
926,,
926,,
926,,
926,,
926,,
926,,
926,,
926,,
926,,
926,,
926,,
926,,
927,,
927,,
927,,
927,,
927,,
928,,
928,,
928,,
928,,
928,,
928,,
929,,
929,,
929,,
929,,
929,,
929,,
930,,
930,,
930,,
930,,
930,,
930,,
930,,
930,,
930,,
930,,
930,,
930,,
930,,
930,,
930,,
930,,
931,,
931,,
931,,
932,,
932,,
932,,
932,,
932,,
932,,
932,,
932,,
932,,
932,,
932,,
932,,
932,,
932,,
932,,
932,,
932,,
933,,
933,,
933,,
933,,
933,,
933,,
933,,
933,,
933,,
933,,
933,,
933,,
933,,
933,,
933,,
933,,
933,,
933,,
933,,
933,,
934,,
934,,
934,,
934,,
934,,
935,,
935,,
935,,
935,,
935,,
935,,
935,,
935,,
935,,
935,,
935,,
935,,
935,,
935,,
936,,
936,,
936,,
936,,
936,,
936,,
936,,
936,,
936,,
936,,
936,,
936,,
936,,
936,,
936,,
936,,
936,,
936,,
936,,
936,,
936,,
936,,
937,,
937,,
937,,
937,,
937,,
937,,
937,,
938,,
938,,
938,,
938,,
938,,
938,,
938,,
938,,
938,,
938,,
939,,
939,,
939,,
939,,
939,,
939,,
939,,
939,,
939,,
939,,
939,,
939,,
939,,
939,,
939,,
939,,
939,,
939,,
939,,
939,,
939,,
940,,
940,,
940,,
940,,
940,,
940,,
940,,
940,,
940,,
941,,
941,,
941,,
941,,
941,,
941,,
941,,
941,,
941,,
941,,
941,,
941,,
941,,
941,,
941,,
942,,
942,,
942,,
942,,
942,,
942,,
942,,
942,,
942,,
943,,
943,,
943,,
943,,
943,,
943,,
944,,
944,,
945,,
945,,
945,,
945,,
945,,
945,,
945,,
945,,
945,,
945,,
945,,
945,,
945,,
945,,
945,,
945,,
946,,
946,,
946,,
946,,
946,,
946,,
946,,
946,,
946,,
946,,
946,,
946,,
946,,
946,,
946,,
946,,
946,,
947,,
947,,
947,,
947,,
947,,
947,,
947,,
947,,
947,,
947,,
947,,
947,,
947,,
947,,
947,,
947,,
948,,
948,,
948,,
948,,
948,,
948,,
948,,
948,,
948,,
948,,
948,,
948,,
948,,
948,,
948,,
948,,
949,,
949,,
949,,
949,,
949,,
949,,
949,,
949,,
949,,
949,,
949,,
949,,
949,,
950,,
950,,
950,,
950,,
950,,
950,,
950,,
950,,
950,,
950,,
950,,
950,,
950,,
950,,
950,,
950,,
950,,
950,,
951,,
951,,
952,,
952,,
952,,
952,,
952,,
952,,
952,,
953,,
953,,
953,,
953,,
953,,
953,,
953,,
953,,
953,,
953,,
953,,
953,,
953,,
953,,
953,,
953,,
953,,
953,,
953,,
953,,
953,,
953,,
953,,
954,,
954,,
954,,
954,,
954,,
954,,
955,,
955,,
955,,
955,,
955,,
955,,
955,,
956,,
956,,
956,,
956,,
956,,
956,,
956,,
956,,
956,,
956,,
956,,
956,,
956,,
956,,
956,,
956,,
956,,
957,,
957,,
958,,
959,,
959,,
959,,
959,,
959,,
959,,
959,,
959,,
959,,
959,,
960,,
960,,
960,,
960,,
960,,
960,,
960,,
960,,
960,,
960,,
960,,
961,,
961,,
961,,
961,,
961,,
961,,
961,,
961,,
961,,
961,,
961,,
961,,
961,,
961,,
961,,
962,,
962,,
962,,
962,,
962,,
962,,
963,,
963,,
963,,
963,,
963,,
963,,
963,,
963,,
963,,
963,,
964,,
964,,
964,,
964,,
964,,
964,,
964,,
964,,
964,,
964,,
964,,
964,,
964,,
964,,
964,,
964,,
964,,
964,,
965,,
965,,
965,,
965,,
965,,
965,,
965,,
966,,
966,,
966,,
966,,
966,,
966,,
966,,
966,,
967,,
967,,
967,,
967,,
967,,
967,,
967,,
967,,
967,,
967,,
968,,
968,,
968,,
968,,
968,,
968,,
968,,
968,,
969,,
969,,
969,,
969,,
969,,
969,,
969,,
970,,
971,,
971,,
971,,
972,,
972,,
972,,
972,,
972,,
972,,
972,,
972,,
972,,
972,,
972,,
972,,
973,,
973,,
973,,
973,,
973,,
973,,
973,,
973,,
973,,
973,,
973,,
973,,
973,,
973,,
973,,
973,,
973,,
973,,
973,,
974,,
974,,
975,,
975,,
975,,
975,,
975,,
975,,
975,,
976,,
976,,
976,,
976,,
976,,
976,,
976,,
976,,
976,,
976,,
976,,
976,,
976,,
977,,
977,,
977,,
977,,
977,,
977,,
977,,
977,,
977,,
977,,
977,,
977,,
977,,
977,,
977,,
978,,
978,,
978,,
978,,
978,,
978,,
978,,
978,,
978,,
978,,
978,,
979,,
979,,
979,,
979,,
979,,
979,,
979,,
980,,
980,,
980,,
980,,
980,,
980,,
980,,
980,,
980,,
980,,
980,,
980,,
981,,
981,,
981,,
981,,
981,,
982,,
982,,
982,,
982,,
982,,
982,,
982,,
982,,
982,,
982,,
982,,
983,,
983,,
983,,
983,,
983,,
983,,
983,,
983,,
984,,
984,,
984,,
984,,
984,,
984,,
985,,
985,,
985,,
985,,
985,,
986,,
986,,
986,,
986,,
986,,
986,,
986,,
986,,
986,,
986,,
986,,
986,,
986,,
986,,
986,,
986,,
986,,
987,,
988,,
988,,
988,,
988,,
988,,
988,,
988,,
988,,
989,,
989,,
989,,
989,,
989,,
989,,
989,,
989,,
989,,
989,,
989,,
989,,
990,,
990,,
990,,
990,,
990,,
990,,
990,,
990,,
990,,
990,,
990,,
990,,
990,,
990,,
990,,
990,,
990,,
990,,
990,,
990,,
991,,
991,,
991,,
991,,
991,,
991,,
991,,
991,,
991,,
991,,
991,,
991,,
991,,
991,,
991,,
992,,
992,,
992,,
992,,
992,,
992,,
992,,
992,,
992,,
992,,
992,,
992,,
992,,
992,,
992,,
992,,
993,,
993,,
993,,
993,,
994,,
994,,
994,,
994,,
994,,
994,,
994,,
995,,
995,,
996,,
996,,
996,,
996,,
996,,
996,,
996,,
996,,
996,,
996,,
996,,
996,,
996,,
996,,
996,,
996,,
996,,
996,,
996,,
996,,
996,,
997,,
997,,
997,,
997,,
997,,
997,,
997,,
997,,
997,,
997,,
998,,
998,,
998,,
999,,
999,,
999,,
999,,
999,,
1000,,
1000,,
1000,,
1000,,
1001,,
1001,,
1001,,
1001,,
1001,,
1001,,
1001,,
1001,,
1001,,
1001,,
1001,,
1001,,
1002,,
1002,,
1002,,
1002,,
1002,,
1002,,
1003,,
1003,,
1003,,
1003,,
1003,,
1003,,
1003,,
1003,,
1004,,
1004,,
1004,,
1005,,
1005,,
1005,,
1005,,
1005,,
1005,,
1005,,
1005,,
1005,,
1005,,
1005,,
1005,,
1005,,
1005,,
1005,,
1005,,
1005,,
1005,,
1005,,
1005,,
1005,,
1005,,
1006,,
1006,,
1006,,
1006,,
1006,,
1006,,
1007,,
1007,,
1007,,
1007,,
1007,,
1007,,
1007,,
1007,,
1007,,
1007,,
1007,,
1007,,
1007,,
1007,,
1007,,
1007,,
1008,,
1008,,
1008,,
1008,,
1008,,
1008,,
1008,,
1008,,
1008,,
1008,,
1009,,
1009,,
1009,,
1009,,
1009,,
1009,,
1009,,
1009,,
1009,,
1009,,
1009,,
1009,,
1009,,
1009,,
1009,,
1009,,
1009,,
1009,,
1009,,
1010,,
1010,,
1010,,
1010,,
1010,,
1010,,
1010,,
1010,,
1010,,
1010,,
1010,,
1010,,
1011,,
1011,,
1011,,
1011,,
1011,,
1011,,
1011,,
1011,,
1011,,
1011,,
1011,,
1011,,
1011,,
1012,,
1012,,
1012,,
1012,,
1012,,
1012,,
1012,,
1012,,
1012,,
1012,,
1012,,
1012,,
1013,,
1013,,
1013,,
1013,,
1014,,
1014,,
1014,,
1014,,
1014,,
1015,,
1015,,
1015,,
1015,,
1015,,
1015,,
1015,,
1015,,
1015,,
1015,,
1016,,
1016,,
1016,,
1016,,
1016,,
1016,,
1016,,
1016,,
1016,,
1016,,
1016,,
1016,,
1016,,
1016,,
1016,,
1016,,
1016,,
1016,,
1016,,
1016,,
1016,,
1016,,
1017,,
1017,,
1017,,
1017,,
1017,,
1017,,
1017,,
1017,,
1017,,
1017,,
1017,,
1017,,
1017,,
1017,,
1018,,
1018,,
1018,,
1018,,
1018,,
1018,,
1018,,
1018,,
1018,,
1018,,
1018,,
1018,,
1018,,
1018,,
1018,,
1018,,
1018,,
1019,,
1019,,
1019,,
1019,,
1019,,
1019,,
1019,,
1019,,
1019,,
1019,,
1019,,
1019,,
1019,,
1019,,
1019,,
1019,,
1019,,
1020,,
1020,,
1020,,
1020,,
1020,,
1020,,
1020,,
1021,,
1021,,
1021,,
1021,,
1021,,
1021,,
1021,,
1022,,
1022,,
1022,,
1022,,
1022,,
1022,,
1022,,
1022,,
1022,,
1022,,
1022,,
1022,,
1022,,
1022,,
1022,,
1022,,
1023,,
1023,,
1023,,
1023,,
1023,,
1023,,
1023,,
1023,,
1024,,
1024,,
1024,,
1024,,
1024,,
1024,,
1024,,
1024,,
1024,,
1024,,
1024,,
1024,,
1024,,
1024,,
1024,,
1024,,
1025,,
1025,,
1025,,
1025,,
1025,,
1025,,
1025,,
1025,,
1025,,
1025,,
1025,,
1025,,
1025,,
1025,,
1025,,
1025,,
1025,,
1025,,
1026,,
1026,,
1026,,
1026,,
1026,,
1026,,
1026,,
1026,,
1026,,
1026,,
1026,,
1026,,
1026,,
1026,,
1026,,
1026,,
1027,,
1027,,
1027,,
1027,,
1027,,
1027,,
1027,,
1028,,
1028,,
1028,,
1028,,
1028,,
1028,,
1029,,
1029,,
1029,,
1029,,
1029,,
1029,,
1029,,
1029,,
1029,,
1029,,
1029,,
1029,,
1029,,
1029,,
1029,,
1030,,
1030,,
1030,,
1030,,
1030,,
1030,,
1031,,
1031,,
1031,,
1031,,
1032,,
1032,,
1032,,
1032,,
1032,,
1032,,
1032,,
1032,,
1032,,
1032,,
1032,,
1032,,
1033,,
1033,,
1033,,
1033,,
1034,,
1034,,
1034,,
1035,,
1035,,
1035,,
1035,,
1035,,
1035,,
1035,,
1036,,
1036,,
1036,,
1036,,
1036,,
1036,,
1036,,
1036,,
1036,,
1036,,
1036,,
1036,,
1036,,
1036,,
1036,,
1036,,
1036,,
1036,,
1036,,
1036,,
1036,,
1037,,
1037,,
1037,,
1038,,
1038,,
1038,,
1038,,
1038,,
1038,,
1038,,
1038,,
1038,,
1038,,
1038,,
1038,,
1038,,
1038,,
1038,,
1038,,
1038,,
1038,,
